<?xml version="1.0" encoding="UTF-8"?>
<phrases>
<trkLocaleName>English_United_States</trkLocaleName>
<trkBaseClearcaseVersion></trkBaseClearcaseVersion>
<trkTranslationVersion>3157</trkTranslationVersion>
<phrase i="203" t="Domain Name"/>
<phrase i="204" t="IP Address"/>
<phrase i="205" t="Subnet Mask"/>
<phrase i="212" t="DNS Server 1"/>
<phrase i="213" t="DNS Server 2"/>
<phrase i="225" t="Directories URL"/>
<phrase i="226" t="Messages URL"/>
<phrase i="227" t="Services URL"/>
<phrase i="354" t="Received Calls"/>
<phrase i="355" t="Placed Calls"/>
<phrase i="364" t="Contrast"/>
<phrase i="365" t="Network Configuration"/>
<phrase i="374" t="Chirp 1"/>
<phrase i="375" t="Chirp 2"/>
<phrase i="378" t="Ring Type"/>
<phrase i="384" t="Status Messages"/>
<phrase i="393" t="Network Statistics"/>
<phrase i="473" t="IP Address Released"/>
<phrase i="500" t="DHCP Address Released"/>
<phrase i="502" t="Erase Configuration"/>
<phrase i="552" t="Authentication URL"/>
<phrase i="585" t="User Locale"/>
<phrase i="586" t="Network Locale"/>
<phrase i="635" t="DHCP Server"/>
<phrase i="655" t="Model Information"/>
<phrase i="657" t="Model Number"/>
<phrase i="670" t="Default Ring"/>
<phrase i="676" t="AbbrDial"/>
<phrase i="716" t="Security Configuration"/>
<phrase i="3000" t="&#131;Missed Calls"/>
<phrase i="3001" t="&#131;Redial List"/>
<phrase i="3002" t="Ringer Volume"/>
<phrase i="3003" t="Speaker Volume"/>
<phrase i="3004" t="Headset Volume"/>
<phrase i="3005" t="Handset Volume"/>
<phrase i="3006" t="LCD Contrast"/>
<phrase i="3007" t="status"/>
<phrase i="3008" t="Status"/>
<phrase i="3009" t="Line Key 4"/><!-- comment content -->
<phrase i="3010" t="Line Key 3"/>
<phrase i="3011" t="Line Key 2"/>
<phrase i="3012" t="Line Key 1"/>
<phrase i="3013" t="Ext 4"/>
<phrase i="3014" t="Ext 3"/>
<phrase i="3015" t="Ext 2"/>
<phrase i="3016" t="Ext 1"/>
<phrase i="3018" t="DND"/><!-- Do not disturb, This is a softkey label -->
<phrase i="3019" t="Local Services"/>
<phrase i="3020" t="NewCall"/>
<phrase i="3021" t="Ring-In"/>
<phrase i="3022" t="Intercom"/>
<phrase i="3023" t="Redial"/><!-- This is a softkey label -->
<phrase i="3027" t="System restarting&#10;Please wait"/>
<phrase i="3028" t="System rebooting&#10;Please wait"/>
<phrase i="3029" t="Resetting to factory default&#10;Please wait"/>
<phrase i="3030" t="Confirm System Restart?"/>
<phrase i="3031" t="Confirm System Reboot?"/>
<phrase i="3032" t="All parameters will be reset&#10;to factory default values.&#10;Continue?"/>
<phrase i="3033" t="Password Error. Retry?"/>
<phrase i="3034" t="New Password:"/>
<phrase i="3035" t="Voice Mail Number:"/>
<phrase i="3036" t="Offset(&#130;H:m:s):"/><!-- OK to localize the letters H,m, and s. But don't change the order. -->
<phrase i="3037" t="Time(H:m:s):"/><!-- OK to localize the letters H,m, and s. But don't change the order. -->
<phrase i="3038" t="Date(m/d/y):"/><!-- OK to localize the letters m,d, and y. But don't change the order. -->
<phrase i="3039" t="Logout"/><!-- This is a softkey label -->
<phrase i="3040" t="Login"/><!-- This is a softkey label -->
<phrase i="3041" t="&#131;Setup x"/>
<phrase i="3042" t="&#131;Setup"/>
<phrase i="3043" t="Network"/>
<phrase i="3044" t="Enter Admin Password:"/>
<phrase i="3045" t="No"/>
<phrase i="3046" t="CFWD No Ans Delay"/>
<phrase i="3047" t="CFWD No Ans Number"/>
<phrase i="3048" t="CFWD Busy Number"/>
<phrase i="3049" t="CFWD All Number"/>
<phrase i="3050" t="Multicast Address"/>
<phrase i="3051" t="Non-DHCP NTP Server 2"/>
<phrase i="3052" t="Non-DHCP NTP Server 1"/>
<phrase i="3053" t="Non-DHCP DNS 2"/>
<phrase i="3054" t="Non-DHCP DNS 1"/>
<phrase i="3055" t="Non-DHCP Default Route"/>
<phrase i="3056" t="Non-DHCP Subnet Mask"/>
<phrase i="3057" t="Non-DHCP IP Address"/>
<phrase i="3058" t="Enable Web Server"/>
<phrase i="3059" t="Current Gateway"/>
<phrase i="3060" t="Current Netmask"/>
<phrase i="3061" t="Domain"/>
<phrase i="3062" t="Host Name"/>
<phrase i="3063" t="Current IP"/>
<phrase i="3064" t="DHCP Enable"/>
<phrase i="3065" t="WAN Connection Type"/>
<phrase i="3066" t="Date Format"/>
<phrase i="3067" t="Time Format"/>
<phrase i="3068" t="Send Audio To Speaker"/>
<phrase i="3069" t="Auto Answer Page"/>
<phrase i="3070" t="Preferred Audio Device"/>
<phrase i="3071" t="Dial Assistance"/>
<phrase i="3072" t="Secure Call"/>
<phrase i="3073" t="Do Not Disturb"/>
<phrase i="3074" t="Block Anonymous Call"/>
<phrase i="3075" t="Block Caller ID"/>
<phrase i="3076" t="Client Cert"/>
<phrase i="3077" t="MAC Address"/>
<phrase i="3078" t="Hardware Version"/>
<phrase i="3079" t="Software Version"/>
<phrase i="3080" t="Serial Number"/>
<phrase i="3081" t="Product Name"/>
<phrase i="3082" t="Preferred Device"/>
<phrase i="3083" t="Station Name"/>
<phrase i="3085" t="Call Park Status"/>
<phrase i="3087" t="Set Password"/>
<phrase i="3088" t="Factory Reset"/>
<phrase i="3089" t="Restart"/>
<phrase i="3090" t="Reboot"/>
<phrase i="3092" t="Product Info"/>
<phrase i="3094" t="Voice Mail"/>
<phrase i="3095" t="Time/Date"/>
<phrase i="3096" t="Call Forward"/>
<phrase i="3097" t="Preferences"/>
<phrase i="3099" t="Call History"/>
<phrase i="3100" t="Speed Dial"/>
<phrase i="3101" t="&#131;Directory"/>
<phrase i="3102" t="Enter Speed Dial x"/>
<phrase i="3104" t="Ring 10"/>
<phrase i="3105" t="Ring 9"/>
<phrase i="3106" t="Ring 8"/>
<phrase i="3107" t="Ring 7"/>
<phrase i="3108" t="Ring 6"/>
<phrase i="3109" t="Ring 5"/>
<phrase i="3110" t="Ring 4"/>
<phrase i="3111" t="Ring 3"/>
<phrase i="3112" t="Ring 2"/>
<phrase i="3113" t="Ring 1"/>
<phrase i="3114" t="Ex Ring"/>
<phrase i="3115" t="Ext 1: "/>
<phrase i="3116" t="Ring Tone"/>
<phrase i="3117" t="Delete: "/>
<phrase i="3118" t="List is Empty"/>
<phrase i="3119" t="Wrong Password. Retry?"/>
<phrase i="3120" t="Enter Password:"/>
<phrase i="3121" t="Call Park"/>
<phrase i="3123" t="Request Call Park&#10;Status failed"/>
<phrase i="3124" t="Call Park Empty"/>
<phrase i="3125" t="Requesting Call Park&#10;Status..."/>
<phrase i="3126" t="Invalid Park Number&#10;Please Try Again"/>
<phrase i="3127" t="Ringing Station"/>
<phrase i="3128" t="Call Pick Up"/>
<phrase i="3129" t="Select a Holding Line&#10;to transfer"/>
<phrase i="3130" t="Select a Holding Line&#10;to conference"/>
<phrase i="3131" t="Dial *Code"/><!-- star code, when user dial star code and some special number, user can go into dial configuration directly, for example, *69 is config call return. -->
<phrase i="3132" t="Force G729A"/>
<phrase i="3133" t="Prefer G729A"/>
<phrase i="3134" t="Force G726r40"/>
<phrase i="3135" t="Prefer G726r40"/>
<phrase i="3136" t="Force G726r32"/>
<phrase i="3137" t="Prefer G726r32"/>
<phrase i="3138" t="Force G726r24"/>
<phrase i="3139" t="Prefer G726r24"/>
<phrase i="3140" t="Force G726r16"/>
<phrase i="3141" t="Prefer G726r16"/>
<phrase i="3142" t="Force G723"/>
<phrase i="3143" t="Prefer G723"/>
<phrase i="3144" t="Force G711A"/>
<phrase i="3145" t="Prefer G711A"/>
<phrase i="3146" t="Force G711U"/>
<phrase i="3147" t="Prefer G711U"/>
<phrase i="3148" t="Paging"/>
<phrase i="3149" t="Cancel Secure Next"/>
<phrase i="3150" t="Secure Next"/>
<phrase i="3151" t="Cancel Secure All Calls"/>
<phrase i="3152" t="Secure All Calls"/>
<phrase i="3153" t="Cancel Do Not Disturb"/>
<phrase i="3155" t="Unblock Anonymous Calls"/>
<phrase i="3157" t="Unblock CID Next"/>
<phrase i="3158" t="Block CID Next"/>
<phrase i="3159" t="Cancel Block CID"/>
<phrase i="3160" t="Block CID"/>
<phrase i="3161" t="Cancel Call Back"/>
<phrase i="3162" t="Call Back"/>
<phrase i="3163" t="Cancel Call Foward No Answer"/>
<phrase i="3164" t="Call Forward No Answer"/>
<phrase i="3165" t="Cancel Call Forward Busy"/>
<phrase i="3166" t="Call Forward Busy"/>
<phrase i="3167" t="Cancel Call Foward All"/>
<phrase i="3168" t="Call Forward All"/>
<phrase i="3169" t="Call Return"/>
<phrase i="3190" t="Headset   "/>
<phrase i="3191" t="Handset   "/>
<phrase i="3192" t="Speaker   "/>
<phrase i="3194" t="LCD   "/>
<phrase i="3195" t="Keypad   "/>
<phrase i="3201" t="Pass"/>
<phrase i="3202" t="Failed"/>
<phrase i="3216" t="Ring:"/>
<phrase i="3217" t="Number:"/>
<phrase i="3218" t="Name:"/>
<phrase i="3219" t="Delete:"/>
<phrase i="3220" t="Ring Picker"/>
<phrase i="3221" t="Directory"/>
<phrase i="3222" t="Enter Number:"/>
<phrase i="3223" t="Enter Page Target:"/><!-- enter the number you want to page?-->
<phrase i="3224" t="Enter Pick Up Group:"/>
<phrase i="3225" t="Enter Special Service Target:"/>
<phrase i="3226" t="Enter Referral Service Target:"/><!-- enter the number you want to refer the current peer to (similar to a transfer, for example)?-->
<phrase i="3227" t="Enter Number to UnPark:"/>
<phrase i="3228" t="Enter Number to Park:"/>
<phrase i="3229" t="Enter Blind Transfer Target:"/>
<phrase i="3230" t="Enter CFWD No Answer Number:"/>
<phrase i="3231" t="Enter CFWD Busy Number:"/>
<phrase i="3232" t="Enter CFWD All Number:"/>
<phrase i="3234" t="Enter More Digits:"/>
<phrase i="3237" t="Missed Calls"/>
<phrase i="3238" t="Ans&apos;d Calls"/>
<phrase i="3239" t="Answered Calls"/>
<phrase i="3240" t="Redial List"/>
<phrase i="3241" t="Initializing Network"/>
<phrase i="3242" t="Checking DNS"/>
<phrase i="3243" t="dir"/><!-- This is a softkey label -->
<phrase i="3244" t="cfwd"/><!-- This is a softkey label -->
<phrase i="3245" t="Language"/>
<phrase i="3246" t="Language Selection"/>
<phrase i="3248" t="Calls Forwarded"/>
<phrase i="3249" t="New Missed Call"/>
<phrase i="3250" t="New Missed Calls"/>
<phrase i="3251" t="more"/><!-- This is a softkey label -->
<phrase i="3252" t="retry"/><!-- This is a softkey label -->
<phrase i="3253" t="abort"/><!-- This is a softkey label -->
<phrase i="3254" t="unavail"/><!-- This is a softkey label -->
<phrase i="3255" t="avail"/><!-- This is a softkey label -->
<phrase i="3258" t="grPick"/><!-- This is a softkey label -->
<phrase i="3259" t="pickup"/><!-- This is a softkey label -->
<phrase i="3260" t="unpark"/><!-- This is a softkey label -->
<phrase i="3261" t="park"/><!-- This is a softkey label -->
<phrase i="3262" t="bxfer"/><!-- Blind Transfer. This is a softkey label -->
<phrase i="3264" t="xferLx"/><!-- transfer current call to a holding call on Line x (one of the lines on the phone). This is a softkey label -->
<phrase i="3265" t="xfer"/><!-- call transfer. This is a softkey label -->
<phrase i="3266" t="*code"/><!-- This is a softkey label -->
<phrase i="3267" t="select"/><!-- This is a softkey label -->
<phrase i="3268" t="save"/><!-- This is a softkey label -->
<phrase i="3270" t="resume"/><!-- This is a softkey label -->
<phrase i="3272" t="prev"/><!-- This is a softkey label -->
<phrase i="3273" t="play"/><!-- This is a softkey label -->
<phrase i="3274" t="paste"/><!-- This is a softkey label -->
<phrase i="3275" t="option"/><!-- This is a softkey label -->
<phrase i="3276" t="ok"/><!-- This is a softkey label -->
<phrase i="3277" t="num"/><!-- This is a softkey label -->
<phrase i="3278" t="next"/><!-- This is a softkey label -->
<phrase i="3279" t="miss"/><!-- This is a softkey label -->
<phrase i="3281" t="lcr"/><!-- last call redial, the phone will dial the last miss call when you press the key. This is a softkey label -->
<phrase i="3282" t="join"/><!-- This is a softkey label -->
<phrase i="3283" t="IP"/><!-- This is a softkey label -->
<phrase i="3284" t="exit"/><!-- This is a softkey label -->
<phrase i="3285" t="edit"/><!-- This is a softkey label -->
<phrase i="3286" t="dnd"/><!-- This is a softkey label -->
<phrase i="3288" t="dial"/><!-- This is a softkey label -->
<phrase i="3289" t="delete"/><!-- This is a softkey label -->
<phrase i="3290" t="copy"/><!-- This is a softkey label -->
<phrase i="3291" t="confLx"/><!-- start a conf?with the current call?peer and ?a hold call on Line x. This is a softkey label -->
<phrase i="3292" t="conf"/><!-- This is a softkey label -->
<phrase i="3293" t="clear"/><!-- This is a softkey label -->
<phrase i="3294" t="-cfwd"/><!-- This is a softkey label -->
<phrase i="3295" t="-dnd"/><!-- This is a softkey label -->
<phrase i="3296" t="change"/><!-- This is a softkey label -->
<phrase i="3298" t="cancel"/><!-- This is a softkey label -->
<phrase i="3299" t="bridge"/><!-- This is a softkey label -->
<phrase i="3300" t="delChr"/><!-- This is a softkey label -->
<phrase i="3301" t="alpha"/><!-- This is a softkey label -->
<phrase i="3302" t="add"/><!-- This is a softkey label -->
<phrase i="3303" t="Setup x"/>
<phrase i="3304" t="Setup"/>
<phrase i="3305" t="Shared"/>
<phrase i="3306" t="Trying to Resume"/>
<phrase i="3307" t="Trying to Hold"/>
<phrase i="3308" t="Holding"/>
<phrase i="3309" t="Connected"/>
<phrase i="3310" t="Answering"/>
<phrase i="3311" t="Call Ended"/>
<phrase i="3312" t="Ringing"/>
<phrase i="3313" t="Called Party Ringing"/>
<phrase i="3314" t="Calling"/>
<phrase i="3315" t="Contacting STUN Server"/>
<phrase i="3316" t="Dialing"/>
<phrase i="3317" t="Selecting Station"/>
<phrase i="3318" t="Selecting Call"/>
<phrase i="3319" t="Gathering Call Info"/>
<phrase i="3320" t="Trying Line Seizure"/>
<phrase i="3321" t="Ready"/>
<phrase i="3322" t="Yes"/>
<phrase i="3323" t="Not Registered"/>
<phrase i="3324" t="Registered"/>
<phrase i="3325" t="Inbound"/>
<phrase i="3326" t="Outbound"/>
<phrase i="3327" t="Callback"/>
<phrase i="3328" t="Forwarded"/>
<phrase i="3329" t="Transferred"/>
<phrase i="3330" t="Invalid"/>
<phrase i="3331" t="Idle"/>
<phrase i="3332" t="CWT"/><!-- Call Waiting Tone -->
<phrase i="3333" t="Ring - Callback"/>
<phrase i="3334" t="Ring - Hold"/>
<phrase i="3335" t="Ring"/>
<phrase i="3336" t="Secure Call Indication"/>
<phrase i="3337" t="Conference"/>
<phrase i="3338" t="Hold"/>
<phrase i="3339" t="Error"/>
<phrase i="3340" t="Confirm"/>
<phrase i="3341" t="Prompt"/>
<phrase i="3342" t="SIT 4"/><!-- special information tone 4. see http://en.wikipedia.org/wiki/Special_information_tone -->
<phrase i="3343" t="SIT 3"/>
<phrase i="3344" t="SIT 2"/>
<phrase i="3345" t="SIT 1"/>
<phrase i="3346" t="Off Hook Warning"/>
<phrase i="3347" t="Ring Back"/>
<phrase i="3348" t="Reorder"/>
<phrase i="3349" t="Busy"/>
<phrase i="3350" t="MWI"/><!-- Message WAiting Indicator, it is a tone. -->
<phrase i="3351" t="Outside Dial"/>
<phrase i="3352" t="2nd Dial"/>
<phrase i="3353" t="Dial"/><!-- This is a softkey label -->
<phrase i="3354" t="none"/>
<phrase i="3355" t="Xfr"/><!-- a call type, means the call has been transferred -->
<phrase i="3356" t="Fwd"/>
<phrase i="3357" t="Cb"/><!-- for outbound call, meaning callback call, to indicate on the status page that the current call is a callback call. -->
<phrase i="3358" t="To"/>
<phrase i="3359" t="From"/>
<phrase i="3360" t="New Entry"/>
<phrase i="3361" t="(FULL)"/>
<phrase i="3362" t="Corporate Directory"/>
<phrase i="3363" t="Enter Pick Up Number:"/>
<phrase i="3365" t="&#131;Speed Dial"/>
<phrase i="3366" t="&#60;Not Assigned&#62;"/>
<phrase i="3367" t="Enter Speed Dial 2"/>
<phrase i="3368" t="Enter Speed Dial 3"/>
<phrase i="3369" t="Enter Speed Dial 4"/>
<phrase i="3370" t="Enter Speed Dial 5"/>
<phrase i="3371" t="Enter Speed Dial 6"/>
<phrase i="3372" t="Enter Speed Dial 7"/>
<phrase i="3373" t="Enter Speed Dial 8"/>
<phrase i="3374" t="Enter Speed Dial 9"/>
<phrase i="3375" t="Enter Speed Dial"/>
<phrase i="3376" t="&#131;Call History"/>
<phrase i="3377" t="&#131;Answered Calls"/>
<phrase i="3378" t="&#131;Ring Tone"/>
<phrase i="3379" t="&#131;E1 Ring"/>
<phrase i="3380" t="&#131;E2 Ring"/>
<phrase i="3381" t="&#131;E3 Ring"/>
<phrase i="3382" t="&#131;E4 Ring"/>
<phrase i="3383" t="&#131;Corporate Directory"/>
<phrase i="3384" t="&#131;Preferences"/>
<phrase i="3385" t="y/n"/><!-- This is a softkey label -->
<phrase i="3386" t="Block Caller ID&#10;"/>
<phrase i="3387" t="Block Anonymous Call&#10;"/>
<phrase i="3388" t="Do Not Disturb&#10;"/>
<phrase i="3389" t="Secure Call&#10;"/>
<phrase i="3390" t="Dial Assistance&#10;"/><!-- it is a assistence system for dialing. When user dials numbers, it gives suggestion numbers to the user. -->
<phrase i="3391" t="Preferred Audio Device&#10;"/>
<phrase i="3394" t="Auto Answer Page&#10;"/><!-- When local call enable the Auto Answer Page feature, remote caller call local call with page mode, local phone will answer it directly. -->
<phrase i="3395" t="Send Audio To Speaker&#10;"/>
<phrase i="3396" t="Time Format&#10;"/>
<phrase i="3397" t="Date Format&#10;"/>
<phrase i="3398" t="day/month"/>
<phrase i="3399" t="month/day"/>
<phrase i="3400" t="&#131;Language"/>
<phrase i="3401" t="&#131;Call Park Status"/>
<phrase i="3402" t="&#131;Status"/>
<phrase i="3403" t="&#131;Phone Status"/>
<phrase i="3405" t="&#131;Ext 2 Status"/>
<phrase i="3406" t="&#131;L1 Status"/>
<phrase i="3407" t="&#131;L2 Status"/>
<phrase i="3408" t="&#131;L3 Status"/>
<phrase i="3409" t="&#131;L4 Status"/>
<phrase i="3410" t="Call1:"/>
<phrase i="3412" t="Date: "/>
<phrase i="3413" t="Up Time: "/>
<phrase i="3415" t="Last Reg at %02d:%02d %d/%d&#10;"/>
<phrase i="3416" t="Next Reg in %us&#10;"/>
<phrase i="3418" t="Call 1: "/>
<phrase i="3420" t="Tone: "/>
<phrase i="3421" t="None"/>
<phrase i="3422" t="Not Installed"/>
<phrase i="3423" t="Default"/><!-- This is a softkey label -->
<phrase i="3425" t="Station"/>
<phrase i="3426" t="Page Group"/>
<phrase i="3427" t="Auto Attendant"/>
<phrase i="3428" t="Internal Music"/>
<phrase i="3429" t="Please wait"/>
<phrase i="3430" t="Trying to Login"/>
<phrase i="3432" t="Contacting ACD Server&#10;For Available"/>
<phrase i="3433" t="Contacting ACD Server&#10;For Unavailable"/>
<phrase i="3434" t="Login Failed.&#10;"/>
<phrase i="3435" t="Please check your user ID&#10;and Password."/>
<phrase i="3437" t="Notify Avail Failed&#10;"/>
<phrase i="3438" t="Notify Unavail Failed&#10;"/>
<phrase i="3439" t="User ID:"/>
<phrase i="3440" t="Password:"/>
<phrase i="3441" t="ACD Login"/>
<phrase i="3445" t="Upgrading Firmware&#10;Please do not unplug power&#10;Phone will reboot&#10;automatically"/>
<phrase i="3446" t="&#10;&#10;PU: "/><!-- PU stands for Pickup -->
<phrase i="3450" t="System Booting Up"/>
<phrase i="3451" t="Requesting corporate&#10;directory from server..."/>
<phrase i="3452" t="Request corporate&#10;directory failed"/>
<phrase i="3453" t="cdir"/>
<phrase i="3461" t="Unknown Entry"/>
<phrase i="3468" t="Unknown User"/>
<phrase i="3469" t="By: %s"/>
<phrase i="3470" t="gateway"/>
<phrase i="3472" t="Share Call %s"/>
<phrase i="3473" t="By: %s&#10;"/>
<phrase i="3476" t="recipient"/>
<phrase i="3477" t="state"/>
<phrase i="3478" t="terminated"/>
<phrase i="3479" t="trying"/>
<phrase i="3480" t="early"/>
<phrase i="3481" t="proceeding"/>
<phrase i="3482" t="confirmed"/>
<phrase i="3503" t="User %d"/>
<phrase i="3504" t="No Ring"/>
<phrase i="3509" t="User %d (Not Installed)"/>
<phrase i="3510" t="12hr"/>
<phrase i="3511" t="24hr"/>
<phrase i="3512" t="DHCP"/>
<phrase i="3513" t="Static IP"/>
<phrase i="3515" t="PPPOE"/>
<phrase i="3516" t="pwd"/><!-- password -->
<phrase i="3517" t="cfg"/><!-- it is a name for a gui page, which is for phone parameter configuration. -->
<phrase i="3518" t="Language(Unavailable)"/>
<phrase i="3519" t="Unavailable"/>
<phrase i="3520" t="confirm"/>
<phrase i="3521" t="contrast"/>
<phrase i="3522" t="spd_dial"/>
<phrase i="3523" t="%d days"/>
<phrase i="3524" t="1 day"/>
<phrase i="3525" t="Disabled&#10;"/>
<phrase i="3526" t="Call %d Type: %s&#10;"/>
<phrase i="3527" t="Peer Name: %s&#10;"/>
<phrase i="3528" t="Peer Ph: %s&#10;"/>
<phrase i="3529" t="Dur: %02d:%02d:%02d"/>
<phrase i="3530" t="Call %d: %s&#10;"/>
<phrase i="3531" t="Tone: %s&#10;"/>
<phrase i="3532" t="Enc: %s&#10;"/><!-- Enc means encoder -->
<phrase i="3533" t="Dec: %s&#10;"/><!-- Dec means decoder -->
<phrase i="3534" t="L%d: No Service&#10;"/><!-- "L" means line -->
<phrase i="3535" t="Phone Status"/>
<phrase i="3536" t="Ext %d Status"/>
<phrase i="3537" t="L%d Status"/>
<phrase i="3538" t="TimeDate"/>
<phrase i="3539" t="Save volume changes&#10;"/>
<phrase i="3540" t="Save contrast changes&#10;"/>
<phrase i="3541" t="redial"/><!-- This is a softkey label -->
<phrase i="3542" t="login"/><!-- This is a softkey label -->
<phrase i="3543" t="logout"/><!-- This is a softkey label -->
<phrase i="3544" t="vol"/>
<phrase i="3545" t="setup"/>
<phrase i="3546" t="Missed Call"/>
<phrase i="3548" t="Failed&#10;"/>
<phrase i="3549" t="unpark?"/>
<phrase i="3550" t="English"/>
<phrase i="3551" t="Spanish"/>
<phrase i="3552" t="Portuguese"/>
<phrase i="3553" t="Italian"/>
<phrase i="3554" t="German"/>
<phrase i="3555" t="Danish"/>
<phrase i="3556" t="Finnish"/>
<phrase i="3557" t="Dutch"/>
<phrase i="3558" t="Norwegian"/>
<phrase i="3559" t="French"/>
<phrase i="3560" t="Back Light Timer"/>
<phrase i="3561" t="Always On"/>
<phrase i="3562" t="Off"/>
<phrase i="3563" t="Miss Call Shortcut"/>
<phrase i="3564" t="Call Waiting"/>
<phrase i="3565" t="Enable VLAN"/>
<phrase i="3566" t="VLAN ID"/>
<phrase i="3567" t="Office"/>
<phrase i="3568" t="Classic-1"/>
<phrase i="3569" t="Classic-2"/>
<phrase i="3570" t="Classic-3"/>
<phrase i="3571" t="Classic-4"/>
<phrase i="3572" t="Simple-1"/>
<phrase i="3573" t="Simple-2"/>
<phrase i="3574" t="Simple-3"/>
<phrase i="3575" t="Simple-4"/>
<phrase i="3576" t="Simple-5"/>
<phrase i="3577" t="Installed"/>
<phrase i="3578" t="delChar"/>
<phrase i="3579" t="Forward"/><!-- This is a softkey label -->
<phrase i="3580" t="Clr DND"/><!-- "Clr" means clear, This is a softkey label -->
<phrase i="3581" t="Do Not Disturb "/>
<phrase i="3582" t="Clr Fwd"/><!-- This is a softkey label -->
<phrase i="3583" t="Conf Line"/><!-- This is a softkey label -->
<phrase i="3584" t="Call Rtn"/><!-- Call return, This is a softkey label -->
<phrase i="3585" t="Previous"/><!-- This is a softkey label -->
<phrase i="3586" t="Transfer"/><!-- This is a softkey label -->
<phrase i="3587" t="Xfer Line"/><!-- This is a softkey label -->
<phrase i="3588" t="BlindXfer"/><!-- blind transfer, this is the equivalent of "bxfer", bxfer is used by SPA942 IP Phone, and BlindXfer is used by SPA962, because of SPA962 can fit more words in softkey box. This is a softkey label -->
<phrase i="3589" t="GrPickup"/><!-- Group Pick Up, this is the equivalent of "grPick", grPick is used by SPA942, and GrPickup is used by SPA962, because of SPA962 can fit more words in softkey box. This is a softkey label -->
<phrase i="3590" t="Preview"/><!-- This is a softkey label -->
<phrase i="3591" t="GUI Property"/>
<phrase i="3592" t="&#131;GUI Property"/>
<phrase i="3593" t="Preferred Background Picture"/>
<phrase i="3594" t="Downloaded"/>
<phrase i="3596" t="Preferred Menu Color Scheme"/>
<phrase i="3597" t="Light Blue"/>
<phrase i="3598" t="Light Green"/>
<phrase i="3599" t="Pink"/>
<phrase i="3600" t="Silver"/>
<phrase i="3601" t="Calls Forwarded "/>
<phrase i="3602" t="Line Key 5"/>
<phrase i="3603" t="Line Key 6"/>
<phrase i="3604" t="CDP"/>
<phrase i="3605" t="Ext 5"/>
<phrase i="3606" t="Ext 6"/>
<phrase i="3607" t="Speaker"/>
<phrase i="3608" t="Headset"/>
<phrase i="3609" t="am"/>
<phrase i="3610" t="pm"/>
<phrase i="3614" t="Line %d: %s(%s)"/>
<phrase i="3616" t="Custom Reset"/>
<phrase i="3617" t="Check for updates&#10;to customization profile?&#10;(works in the background)"/>
<phrase i="3618" t="Web Service"/>
<phrase i="3619" t="&#131;Web Service"/>
<phrase i="3620" t="Local News"/>
<phrase i="3621" t="World News"/>
<phrase i="3623" t="Sports News"/>
<phrase i="3624" t="Politics News"/>
<phrase i="3625" t="Technology News"/>
<phrase i="3626" t="Entertainment News"/>
<phrase i="3627" t="Traffic"/>
<phrase i="3628" t="Stock Quote Symbol"/>
<phrase i="3629" t="Stock Quote Symbol:"/>
<phrase i="3630" t="RSS Feed 1"/>
<phrase i="3631" t="RSS Feed 2"/>
<phrase i="3632" t="RSS Feed 3"/>
<phrase i="3633" t="RSS Feed 4"/>
<phrase i="3634" t="RSS Feed 5"/>
<phrase i="3635" t="Symbol:"/>
<phrase i="3636" t="Last:"/>
<phrase i="3637" t="Change:"/>
<phrase i="3638" t="Bid:"/>
<phrase i="3639" t="Ask:"/>
<phrase i="3640" t="Provisioning"/>
<phrase i="3641" t="Call Statistics History"/>
<phrase i="3642" t="Proxy:%s:%u&#10;"/>
<phrase i="3643" t="Profile:%s&#10;"/>
<phrase i="3644" t="Status:%s&#10;"/>
<phrase i="3645" t="Reason:%s&#10;"/>
<phrase i="3647" t="Disabled"/>
<phrase i="3649" t="Parse error in rule"/>
<phrase i="3650" t="In progress"/>
<phrase i="3651" t="Succeeded"/>
<phrase i="3652" t="DNS resolution"/>
<phrase i="3653" t="No server name"/>
<phrase i="3654" t="Invalid or restricted server"/>
<phrase i="3655" t="Resources exhausted"/>
<phrase i="3656" t="Corrupt file"/>
<phrase i="3657" t="Encryption key"/>
<phrase i="3658" t="Invalid URL"/>
<phrase i="3659" t="File not found"/>
<phrase i="3660" t="Download failed"/>
<phrase i="3661" t="&#60;No item&#60;"/>
<phrase i="3662" t="Type:%s"/>
<phrase i="3663" t="Peer Name:%s"/>
<phrase i="3664" t="Peer Phone:%s"/>
<phrase i="3665" t="Dur:"/>
<phrase i="3666" t="Call Time:"/>
<phrase i="3667" t="Enc:%s"/>
<phrase i="3668" t="Dec:%s"/>
<phrase i="3669" t="Call-ID:%s"/>
<phrase i="3674" t="Updating news feed data..."/>
<phrase i="3675" t="No news feed data available..."/>
<phrase i="3676" t="Failed to retrieve news feed data..."/>
<phrase i="3677" t="News"/>
<phrase i="3680" t="Tx: %uP&#10;"/><!-- Tx means transmit, P means package -->
<phrase i="3681" t="Rx: %uP&#10;"/><!-- Rx means receive, P means package -->
<phrase i="3683" t="Proxy:%s&#10;"/>
<phrase i="3684" t="L%d: %s&#10;"/>
<phrase i="3685" t="Call Type: %s&#10;"/>
<phrase i="3687" t="Empty"/>
<phrase i="3690" t="Provisioning Status"/>
<phrase i="3693" t="Call Statistics"/>
<phrase i="3703" t="EXT:%d"/>
<phrase i="3704" t="Updating stock quote data..."/>
<phrase i="3705" t="No stock quote data available..."/>
<phrase i="3706" t="Failed to retrieve stock feed data..."/>
<phrase i="3713" t="Yahoo Stock Quote"/>
<phrase i="3715" t="Updating traffic feed data..."/>
<phrase i="3716" t="No traffic feed data available..."/>
<phrase i="3717" t="Failed to retrieve traffic feed data..."/>
<phrase i="3718" t="No detailed traffic available..."/>
<phrase i="3719" t="Failed to display Traffic feed data..."/>
<phrase i="3721" t="Stock Quote"/>
<phrase i="3730" t="Yahoo! Sign In"/>
<phrase i="3731" t="Sign Out From Yahoo!?"/>
<phrase i="3732" t="Successful"/>
<phrase i="3733" t="Failed. Please check&#10;User ID and Password"/>
<phrase i="3734" t="Signing In. Please wait."/>
<phrase i="3735" t="PU: "/>
<phrase i="3736" t="Calls Forwarded&#10;"/>
<phrase i="3737" t="Signed Out&#10;"/>
<phrase i="3738" t="Signing In&#10;"/>
<phrase i="3739" t="Not Registered&#10;"/>
<phrase i="3741" t="&#10;By: %s&#10;%s: "/>
<phrase i="3743" t="&#10;PU: "/>
<phrase i="3744" t="%sSigned Out"/>
<phrase i="3745" t="update"/><!-- This is a softkey label -->
<phrase i="3746" t="Detail"/><!-- This is a softkey label -->
<phrase i="3756" t="TEST_LANGUAGE"/>
<phrase i="3757" t="BMP Picture"/>
<phrase i="3758" t="Add"/><!-- This is a softkey label -->
<phrase i="3759" t="Alpha"/><!-- This is a softkey label -->
<phrase i="3760" t="DelChar"/><!-- This is a softkey label -->
<phrase i="3761" t="Bridge"/><!-- This is a softkey label -->
<phrase i="3762" t="Cancel"/><!-- This is a softkey label -->
<phrase i="3764" t="Clear"/><!-- This is a softkey label -->
<phrase i="3765" t="Conf"/><!-- This is a softkey label -->
<phrase i="3766" t="Copy"/><!-- This is a softkey label -->
<phrase i="3767" t="Delete"/><!-- This is a softkey label -->
<phrase i="3771" t="Edit"/><!-- This is a softkey label -->
<phrase i="3772" t="Exit"/><!-- This is a softkey label -->
<phrase i="3774" t="Join"/><!-- This is a softkey label -->
<phrase i="3775" t="Miss"/><!-- This is a softkey label -->
<phrase i="3776" t="Next"/><!-- This is a softkey label -->
<phrase i="3777" t="Num"/><!-- This is a softkey label -->
<phrase i="3778" t="OK"/><!-- This is a softkey label -->
<phrase i="3779" t="Option"/><!-- This is a softkey label -->
<phrase i="3780" t="Paste"/><!-- This is a softkey label -->
<phrase i="3781" t="Play"/><!-- This is a softkey label -->
<phrase i="3783" t="Resume"/><!-- This is a softkey label -->
<phrase i="3784" t="Save"/><!-- This is a softkey label -->
<phrase i="3785" t="Select"/><!-- This is a softkey label -->
<phrase i="3786" t="*Code"/><!-- This is a softkey label -->
<phrase i="3787" t="Y/N"/><!-- This is a softkey label -->
<phrase i="3793" t="Avail"/><!-- This is a softkey label -->
<phrase i="3794" t="Unavail"/><!-- This is a softkey label -->
<phrase i="3795" t="Abort"/><!-- This is a softkey label -->
<phrase i="3796" t="Retry"/><!-- This is a softkey label -->
<phrase i="3797" t="More"/><!-- This is a softkey label -->
<phrase i="3798" t="Update"/><!-- This is a softkey label -->
<phrase i="3799" t="preview"/><!-- This is a softkey label -->
<phrase i="3800" t="detail"/><!-- This is a softkey label -->
<phrase i="3803" t="Yahoo! Sign Out"/>
<phrase i="3807" t="Corp.Dir"/>
<phrase i="3808" t="No download picture available"/>
<phrase i="3809" t="Block Anonymous Calls"/>
<phrase i="3810" t="No detailed news available..."/>
<phrase i="3811" t="No detailed news available&#10;"/>
<phrase i="3812" t="Failed to display news feed data..."/>
<phrase i="3813" t="Transferring"/>
<phrase i="3814" t="Transfer Failed"/>
<phrase i="3815" t="Dur: %02d:%02d:%02d&#10;"/>
<phrase i="3816" t="Call Statistics:"/>
<phrase i="3817" t="Failed to display stock quote data..."/>
<phrase i="3818" t="No detailed traffic available&#10;"/>
<phrase i="3822" t="&#131;E5 Ring"/>
<phrase i="3824" t="Do Not Disturb&#130;"/>
<phrase i="3825" t="Calls Forwarded&#130;"/>
<phrase i="3826" t="&lt;No Item&gt;"/>
<phrase i="3827" t="Customization"/>
<phrase i="3828" t="Open"/>
<phrase i="3829" t="Pending"/>
<phrase i="3830" t="Customized"/>
<phrase i="3831" t="Default&quot;Downloaded"/>
<phrase i="3832" t="Anonymous Caller"/>
<phrase i="3833" t="%sCalls Forwarded"/>
<phrase i="3834" t="%sSigning Out"/>
<phrase i="3835" t="%sSigning In"/>
<phrase i="3836" t="%sNot Registered"/>
<phrase i="3837" t="%sRegistering"/>
<phrase i="3838" t="%sDo Not Disturb"/>
<phrase i="3839" t="E1 Ring"/>
<phrase i="3840" t="E2 Ring"/>
<phrase i="3841" t="E3 Ring"/>
<phrase i="3842" t="E4 Ring"/>
<phrase i="3843" t="E5 Ring"/>
<phrase i="3844" t="E6 Ring"/>
<phrase i="3845" t="Login Failed.&#10;Please check your User ID&#10;and Password."/>
<phrase i="3846" t="Trying to Login."/>
<phrase i="3847" t="Authorizing..."/>
<phrase i="3848" t="CMS Login"/>
<phrase i="3849" t="Log Out From CMS?"/>
<phrase i="3850" t=" 1 / : \\ , ! ; $ ^ | "/>
<phrase i="3851" t=" a b c 2 A B C "/>
<phrase i="3852" t=" d e f 3 D E F "/>
<phrase i="3853" t=" g h i 4 G H I "/>
<phrase i="3854" t=" j k l 5 J K L "/>
<phrase i="3855" t=" m n o 6 M N O "/>
<phrase i="3856" t=" p q r s 7 P Q R S "/>
<phrase i="3857" t=" t u v 8 T U V "/>
<phrase i="3858" t=" w x y z 9 W X Y Z "/>
<phrase i="3859" t=" . @ * &amp; % [ ] _ "/>
<phrase i="3860" t="   0 ~ ? &gt; &apos; &lt; \&quot; "/>
<phrase i="3861" t=" # + - = ( ) { } "/>
<phrase i="3863" t="Polish"/>
<phrase i="3864" t="Russian"/>
<phrase i="3865" t="Hungarian"/>
<phrase i="3866" t="Czech"/>
<phrase i="3867" t="Turkish"/>
<phrase i="3868" t="Swedish"/>
<phrase i="3869" t="Slovenian"/>
<phrase i="3870" t="Bulgarian"/>
<phrase i="3871" t="Slovak"/>
<phrase i="3872" t="Croatian"/>
<phrase i="3950" t="No Response"/>
<phrase i="3951" t="Not Reachable"/>
<phrase i="3952" t="Authenticate"/>
<phrase i="3953" t="Unknown"/>
<phrase i="3954" t="Trying To Hold"/>
<phrase i="3955" t="Trying To Resume"/>
<phrase i="3956" t="Change"/><!-- This is a softkey label -->
<phrase i="3957" t="Park"/><!-- This is a softkey label -->
<phrase i="3958" t="Unpark"/><!-- This is a softkey label -->
<phrase i="3959" t="Pickup"/><!-- This is a softkey label -->
<phrase i="3960" t="Resync"/><!-- This is a softkey label -->
<phrase i="3961" t="Activate"/><!-- This is a softkey label -->
<phrase i="3962" t="Accept"/><!-- This is a softkey label -->
<phrase i="3963" t="Conn"/><!-- This is a softkey label -->
<phrase i="3964" t="-Conn"/><!-- This is a softkey label -->
<phrase i="3965" t="submit"/><!-- This is a softkey label -->
<phrase i="3966" t="resync"/><!-- This is a softkey label -->
<phrase i="3967" t="activ"/><!-- This is a softkey label -->
<phrase i="3968" t="accept"/><!-- This is a softkey label -->
<phrase i="3969" t="conn"/><!-- This is a softkey label -->
<phrase i="3970" t="-conn"/><!-- This is a softkey label -->
<phrase i="3971" t="down"/><!-- softkey name, used to turn down the volume for sccp mode. This is a softkey label -->
<phrase i="3972" t="up"/><!-- softkey name, used to turn up the volume for sccp mode. This is a softkey label -->
<phrase i="3973" t="default"/><!-- This is a softkey label -->
<phrase i="3974" t="editDial"/><!-- This is a softkey label -->
<phrase i="3975" t="&#10;&#10;&#10;Upgrading Firmware&#10;Please do not unplug power&#10;Phone will reboot&#10;automatically"/>
<phrase i="3976" t="Loading XML App..."/>
<phrase i="3977" t="Upgrade Failed"/>
<phrase i="3978" t="Load App OK"/>
<phrase i="3979" t="Load App Failed"/>
<phrase i="3980" t="CME Services"/><!-- CME is "Cisco Call Manager Express" -->
<phrase i="3981" t="Trying to Logout.&#10;Pleae wait..."/>
<phrase i="3982" t="Logout Failed.&#10;Rebooting..."/>
<phrase i="3983" t="   0 ~ ? &gt; &apos; &lt; &quot; "/>
<phrase i="3984" t="Select Ringer"/>
<phrase i="3985" t="Mn"/>
<phrase i="3986" t="Default Ring: %s"/>
<phrase i="3987" t="Select Line"/>
<phrase i="3988" t="Line Default Ring                        "/>
<phrase i="3989" t="Default Ring Name                     "/>
<phrase i="3990" t="Settings"/>
<phrase i="3991" t="Screen Saver Mode"/>
<phrase i="3992" t="Enable Screen Saver"/>
<phrase i="3993" t="Screen Saver Wait Time"/>
<phrase i="3994" t="Screen Saver Icon"/>
<phrase i="3995" t="StationTime&quot;Lock&quot;Phone&quot;DateTime&quot;Background Picture"/>
<phrase i="3996" t="&#10;&#10;&#10;Resetting to factory default&#10;Please wait"/>
<phrase i="3997" t="&#10;&#10;&#10;System rebooting&#10;Please wait"/>
<phrase i="3998" t="&#10;&#10;&#10;System restarting&#10;Please wait"/>
<phrase i="4001" t="Profile Rule"/>
<phrase i="4002" t="Profile Rule:"/>
<phrase i="4003" t="Resync Profile: %s&#10;"/>
<phrase i="4004" t="Result: %s&#10;"/>
<phrase i="4005" t="Reason: %s&#10;"/>
<phrase i="4006" t="Resync to&#10;%s&#10;Phone may restart if succeed!"/>
<phrase i="4007" t="Invalid profile rule!&#10;"/>
<phrase i="4008" t="Requesting resync to&#10;%s&#10;when phone is idle!"/>
<phrase i="4009" t="Requesting resync failed!&#10;Phone is processing a resync request.&#10;Please try later."/>
<phrase i="4010" t="Registering&#10;"/>
<phrase i="4011" t="%2d:%02d:%02d%cm"/>
<phrase i="4012" t="Press any key to unlock your phone"/>
<phrase i="4013" t="Call Control Protocol"/>
<phrase i="4014" t="Default Router"/>
<phrase i="4015" t="TFTP Server"/>
<phrase i="4016" t="Admin. VLAN ID"/>
<phrase i="4017" t="Enable CDP"/><!-- CDP is "Cisco Discovery Protocol" -->
<phrase i="4018" t="Call Manager"/>
<phrase i="4019" t="PPPoE Service Name"/>
<phrase i="4020" t="PPPOE Login Name"/>
<phrase i="4021" t="PPPoE Login Password"/>
<phrase i="4022" t="Web Server Enabled"/>
<phrase i="4023" t="Debug Server"/>
<phrase i="4024" t="Off&quot;10 s&quot;20 s&quot;30 s&quot;Always On"/>
<phrase i="4025" t="Local Settings"/>
<phrase i="4026" t="Firmware Version"/>
<phrase i="4027" t="Rcv: %u, "/>
<phrase i="4028" t="Xmt: %u&#10;"/><!-- Transmit, to count transmit package number -->
<phrase i="4029" t="Elapsed Time: "/>
<phrase i="4030" t="E%d "/><!-- E means extension, for IP Phone spa942 each line can be configured to use a unique phone number(or extension) -->
<phrase i="4031" t="Model: %s&#10;"/>
<phrase i="4032" t="Version: %s&#10;"/>
<phrase i="4033" t="Line:%s"/>
<phrase i="4034" t="N/A"/>
<phrase i="4038" t="Connecting to the &#10;VPN server..."/>
<phrase i="4039" t="Disconnecting from the &#10;VPN server..."/>
<phrase i="4040" t="VPN connection failed!&#10;"/>
<phrase i="4041" t="VPN connected!"/>
<phrase i="4042" t="VPN disconnected!"/>
<phrase i="4043" t="Unknown CA. Accept?&#10;"/>
<phrase i="4044" t="Operation cancelled!"/>
<phrase i="4045" t="Please wait..."/>
<phrase i="4046" t="Connect to VPN On Boot Up?"/>
<phrase i="4047" t="VPN Server"/>
<phrase i="4048" t="User ID"/>
<phrase i="4049" t="Tunnel Group"/>
<phrase i="4050" t="VPN Connected?"/>
<phrase i="4051" t="DNS 1"/>
<phrase i="4052" t="DNS 2"/>
<phrase i="4053" t="Duration"/>
<phrase i="4054" t="Bytes Sent"/>
<phrase i="4055" t="Bytes Recv"/>
<phrase i="4056" t="Last Failure Reason"/>
<phrase i="4057" t="Please config the VPN server first"/>
<phrase i="4058" t="Phone is connected to the VPN server"/>
<phrase i="4059" t="Please hang up the phone before connect VPN to the server"/>
<phrase i="4060" t="Phone is not connected to the VPN server"/>
<phrase i="4061" t="Please hang up the phone first"/>
<phrase i="4062" t="Connecting w/ CME"/>
<phrase i="4063" t="Registering w/ CME"/>
<phrase i="4064" t="SPCP Registering Token"/>
<phrase i="4065" t="Ring download failed"/>
<phrase i="4066" t="Upgrading Firmware&#10;Please do not unplug power"/>
<phrase i="4067" t="Upgrade Successful&#10;...rebooting"/>
<phrase i="4068" t="Query LDAP"/>
<phrase i="4069" t="Query LDAP Directory"/>
<phrase i="4070" t="Invalid input/configuration,&#10;Please check your input/configuration"/>
<phrase i="4071" t="LDAP Error: cannot connect to server"/>
<phrase i="4072" t="LDAP Error: Invalid input value"/>
<phrase i="4073" t="No match found"/>
<phrase i="4074" t="Query LDAP Result"/>
<phrase i="4075" t="Requesting Directory from LDAP Server..."/>
<phrase i="4076" t="Request LDAP Directory failed"/>
<phrase i="4077" t="Too many matches found,&#10;Please refine your search"/>
<phrase i="4079" t="Call Pickup"/>
<phrase i="4080" t="Call unPark"/>
<phrase i="4081" t="Group Call Pickup"/>
<phrase i="4083" t="PC Port VLAN Tagging"/>
<phrase i="4084" t="PC Port VLAN ID"/>
<phrase i="4085" t="Alert"/>
<phrase i="4086" t="Page"/><!-- it is a system tone name for paging. -->
<phrase i="4087" t="back"/><!-- This is a softkey label -->
<phrase i="4088" t="toggle"/><!-- This is a softkey label -->
<phrase i="4089" t="Back"/><!-- This is a softkey label -->
<phrase i="4090" t="EditDial"/><!-- This is a softkey label -->
<phrase i="4091" t="Name"/>
<phrase i="4092" t="Search"/>
<phrase i="4093" t="Submit"/><!-- This is a softkey label -->
<phrase i="4094" t="Media Loopback"/><!-- When local call enable the Media Loopback feaure, remote caller call local call with Media Loopback star code, local phone will do the media loopback to caller phone. -->
<phrase i="4095" t="Down"/><!-- This is a softkey label -->
<phrase i="4096" t="Up"/><!-- This is a softkey label -->
<phrase i="4097" t="Toggle"/><!-- This is a softkey label -->
<phrase i="4098" t="Requesting..."/>
<phrase i="4099" t="Invalid Number"/>
<phrase i="4100" t="No Line"/>
<phrase i="4101" t="Timeout"/>
<phrase i="4102" t="Service Not Available"/>
<phrase i="4103" t="Network Error"/>
<phrase i="4104" t="Protocol Error"/>
<phrase i="4105" t="Trying"/>
<phrase i="4106" t="Call Is Being Forwarded"/>
<phrase i="4107" t="Queued"/>
<phrase i="4108" t="Session Progress"/>
<phrase i="4109" t="Accepted"/>
<phrase i="4110" t="Multiple Choices"/>
<phrase i="4111" t="Moved Permanently"/>
<phrase i="4112" t="Moved Temporarily"/>
<phrase i="4113" t="Use Proxy"/>
<phrase i="4114" t="Alternative Service"/>
<phrase i="4115" t="Bad Request"/>
<phrase i="4116" t="Unauthorized"/>
<phrase i="4117" t="Payment Required"/>
<phrase i="4118" t="Forbidden"/>
<phrase i="4119" t="Not Found"/>
<phrase i="4120" t="Method Not Allowed"/>
<phrase i="4121" t="Not Acceptable"/>
<phrase i="4122" t="Proxy Authentication Required"/>
<phrase i="4123" t="Request Timeout"/>
<phrase i="4124" t="Gone"/>
<phrase i="4125" t="Request Entity Too Large"/>
<phrase i="4126" t="Request-URI Too Large"/>
<phrase i="4127" t="Unsupported Media Type"/>
<phrase i="4128" t="Unsupported URI Scheme"/>
<phrase i="4129" t="Bad Extension"/>
<phrase i="4130" t="Extension Required"/>
<phrase i="4131" t="Interval Too Brief"/>
<phrase i="4132" t="Temporarily not available"/>
<phrase i="4133" t="Call Leg/Transaction Does Not Exist"/>
<phrase i="4134" t="Loop Detected"/>
<phrase i="4135" t="Too Many Hops"/>
<phrase i="4136" t="Address Incomplete"/>
<phrase i="4137" t="Ambiguous"/>
<phrase i="4138" t="Busy Here"/>
<phrase i="4139" t="Request Terminated"/>
<phrase i="4140" t="Not Acceptable Here"/>
<phrase i="4141" t="Bad Event"/>
<phrase i="4142" t="Request Pending"/>
<phrase i="4143" t="Undecipherable"/>
<phrase i="4144" t="Internal Server Error"/>
<phrase i="4145" t="Not Implemented"/>
<phrase i="4146" t="Bad Gateway"/>
<phrase i="4147" t="Service Unavailable"/>
<phrase i="4148" t="Server Time-out"/>
<phrase i="4149" t="SIP Version not supported"/>
<phrase i="4150" t="Message Too Large"/>
<phrase i="4151" t="Busy Everywhere"/>
<phrase i="4152" t="Decline"/>
<phrase i="4153" t="Does not exist anywhere"/>
<phrase i="4154" t="Transport Layer Error"/>
<phrase i="4155" t="StationTime"/>
<phrase i="4156" t="Lock"/>
<phrase i="4157" t="Phone"/>
<phrase i="4158" t="DateTime"/>
<phrase i="4159" t="Background Picture"/>
<phrase i="4160" t="Finance News"/>
<phrase i="4161" t="Transaction Timed Out"/>
<phrase i="4162" t="No Route Found"/>
<phrase i="4163" t="Temporarily Unavailable"/>
<phrase i="4164" t="Request Cancelled"/>
<phrase i="4165" t="Server Too Busy"/>
<phrase i="4166" t="Insufficient Media Bandwidth"/>
<phrase i="4200" t="404 not found"/>
<phrase i="4201" t="Add to Personal Entry"/>
<phrase i="4202" t="Advanced Search"/>
<phrase i="4203" t="Answer"/>
<phrase i="4204" t="answer"/>
<phrase i="4205" t="Broadsoft directory request failed"/>
<phrase i="4206" t="BroadSoft Directory"/>
<phrase i="4207" t="Broadsoft: Request cancelled by user"/>
<phrase i="4208" t="Call Control Settings"/>
<phrase i="4209" t="CME Directory"/>
<phrase i="4210" t="Department: "/>
<phrase i="4211" t="DHCP Option To Use"/>
<phrase i="4212" t="DHCP Resync Options"/>
<phrase i="4213" t="Email: "/>
<phrase i="4214" t="Entry Detail"/>
<phrase i="4215" t="Error: Empty or invalid input."/>
<phrase i="4216" t="Ext 10"/>
<phrase i="4217" t="Ext 11"/>
<phrase i="4218" t="Ext 12"/>
<phrase i="4219" t="Ext 7"/>
<phrase i="4220" t="Ext 8"/>
<phrase i="4221" t="Ext 9"/>
<phrase i="4222" t="Extension: "/>
<phrase i="4223" t="First: "/>
<phrase i="4224" t="flash"/>
<phrase i="4225" t="Force G722"/>
<phrase i="4226" t="GroupId: "/>
<phrase i="4227" t="HTTP Request Cancelled"/>
<phrase i="4228" t="HTTP Request failed"/>
<phrase i="4229" t="Ignore"/>
<phrase i="4230" t="ignore"/>
<phrase i="4231" t="Key System Auto Discover"/>
<phrase i="4232" t="Key System IP Address"/>
<phrase i="4233" t="Last: "/>
<phrase i="4234" t="LDAP Error: cannot connect to server."/>
<phrase i="4235" t="Line Key 10"/>
<phrase i="4236" t="Line Key 11"/>
<phrase i="4237" t="Line Key 12"/>
<phrase i="4238" t="Line Key 7"/>
<phrase i="4239" t="Line Key 8"/>
<phrase i="4240" t="Line Key 9"/>
<phrase i="4241" t="Mobile: "/>
<phrase i="4242" t="Name: "/>
<phrase i="4243" t="No match found&#10;"/>
<phrase i="4244" t="none&quot;tftp&quot;http&quot;https"/>
<phrase i="4245" t="Number: "/>
<phrase i="4246" t="Phone No:"/>
<phrase i="4247" t="Prefer G722"/>
<phrase i="4248" t="PrvHld"/>
<phrase i="4249" t="prvHld"/>
<phrase i="4250" t="psk1"/>
<phrase i="4251" t="psk2"/>
<phrase i="4252" t="psk3"/>
<phrase i="4253" t="psk4"/>
<phrase i="4254" t="psk5"/>
<phrase i="4255" t="psk6"/>
<phrase i="4256" t="Query BS Directory"/>
<phrase i="4257" t="Requesting directory from Broadsoft Server..."/>
<phrase i="4258" t="Signalling Protocol"/>
<phrase i="4259" t="Simple Search"/>
<phrase i="4260" t="SIP&quot;SPCP"/>
<phrase i="4262" t="SPA5X5 Model"/>
<phrase i="4263" t="SPCP Auto Detect"/>
<phrase i="4264" t="toCdir"/>
<phrase i="4265" t="Too many entries&#10;"/>
<phrase i="4266" t="Too many personal entries&#10;"/>
<phrase i="4267" t="Transport Protocol"/>
<phrase i="4268" t="Trying to Logout.&#10;Please wait..."/>
<phrase i="4269" t="UserId: "/>
<phrase i="4270" t="XML format error or invalid application"/>
<phrase i="4271" t="XML Services"/>
<phrase i="4272" t="By"/>
<phrase i="4273" t="Peer Name"/>
<phrase i="4274" t="Peer Ph"/>
<phrase i="4275" t="Peer Phone"/>
<phrase i="4276" t="First:"/>
<phrase i="4277" t="endCall"/><!-- This is a softkey label -->
<phrase i="4278" t="newCall"/><!-- This is a softkey label -->
<phrase i="4279" t="Deep Bass"/>
<phrase i="4280" t="New Personal Dir Entry"/>
<phrase i="4281" t="Search Personal Directory"/>
<phrase i="12000" t="Run Application"/>
<phrase i="12001" t="Invalid IP address"/>
<phrase i="12002" t="Select Line..."/>
<phrase i="12003" t="Select Ringer..."/>
<phrase i="12004" t="Authorization Required!"/>
<phrase i="12005" t="CM-ICMP-Unreach"/>
<phrase i="12006" t="Offset(\202H:m:s):"/>
<phrase i="12007" t="Registering"/>
<phrase i="12008" t="STUN In"/>
<phrase i="12009" t="Admin. VLAN Id"/>
<phrase i="12010" t="Alternate TFTP"/>
<phrase i="12011" t="Call Manager 1"/>
<phrase i="12012" t="Default Router 1"/>
<phrase i="12013" t="DHCP&quot;Static IP"/>
<phrase i="12014" t="TFTP Server 1"/>
<phrase i="12015" t="Web Access Enabled"/>
<phrase i="12016" t="Elapsed Time"/>
<phrase i="12017" t="Rcv"/>
<phrase i="12018" t="Version"/>
<phrase i="12019" t="Xmt"/>
<phrase i="12020" t="Connecting..."/>
<phrase i="12021" t="Upgrade Succeeded"/>
<phrase i="12022" t="MissCall"/>
<phrase i="12023" t="Ring File Unavailable!"/>
<phrase i="12024" t="tones.xml"/>
<phrase i="12025" t="Register Rejected:&#10;%s"/>
<phrase i="12026" t="SPCP Register Token Rejected [%d]&#10;...retrying"/>
<phrase i="12027" t="Error: Cannot find UC500.&#10;Contact your administrator"/>
<phrase i="12028" t="10 s"/>
<phrase i="12029" t="20 s"/>
<phrase i="12030" t="30 s"/>
<phrase i="12031" t="Downloading&#10;%s"/>
<phrase i="12032" t="(No Match Result)"/>
<phrase i="12033" t="A New Name"/>
<phrase i="12034" t="Last TFTP Server"/>
<phrase i="12035" t="SIP&quot;SPCP"/>
<phrase i="12036" t="Test BMP"/>
<phrase i="12037" t="Romanian"/>
<phrase i="12038" t="Deep Bass"/>
<phrase i="12039" t="Keyword:"/>
<phrase i="12040" t="Results"/>
<phrase i="12041" t="Result"/>
<phrase i="12043" t="Log Out?"/>
<phrase i="12044" t="Select a number"/>
<phrase i="12045" t="hold"/>
<phrase i="12046" t="Restricted Number"/>
<phrase i="12047" t="out of range!"/>
<phrase i="12048" t="search"/>
<phrase i="12049" t="Web Server Writable"/>
<phrase i="12050" t="Spanish-Mexico"/>
<phrase i="12051" t="Cannot fetch voicemail during a call"/>
<phrase i="12052" t="Server address is wrong"/>
<phrase i="12053" t="Network connection failed"/>
<phrase i="12054" t="Voicemail format error"/>
<phrase i="12055" t="Request failed"/>
<phrase i="12056" t="Please Edit:"/>
<phrase i="12057" t="Blind Transfer Target:"/>
<phrase i="12058" t="barge"/>
<phrase i="12059" t="(No ringing calls)"/>
<phrase i="12060" t="Miss Call Banner"/>
<phrase i="12061" t="Barge"/>
<phrase i="12062" t="idle"/>
<phrase i="12063" t="seized"/>
<phrase i="12064" t="progressing"/>
<phrase i="12065" t="alerting"/>
<phrase i="12066" t="held-private"/>
<phrase i="12067" t="active"/>
<phrase i="12068" t="held"/>
<phrase i="12069" t="bridge-active"/>
<phrase i="12070" t="bridge-held"/>
<phrase i="12071" t="ringing"/>
<phrase i="12072" t="in-use"/>
<phrase i="12073" t="other-ring"/>
<phrase i="12074" t="other-hold"/>
<phrase i="12075" t="no service"/>
<phrase i="12076" t="other-idle"/>
<phrase i="12077" t="reserved"/>
<phrase i="12078" t="Unconfigured"/>
<phrase i="12079" t="Validate Upgrading URL&#10;Please do not unplug power"/>
<phrase i="12080" t="Resync In Progress"/>
<phrase i="12081" t="Resync Succeeded"/>
<phrase i="12082" t="Resync Succeeded. &#10;Phone will reboot. Please wait"/>
<phrase i="12083" t="Resync Failed"/>
<phrase i="12084" t="English-US"/>
<phrase i="12085" t="Conference Bridge"/>
<phrase i="12086" t="Anonymous"/>
<phrase i="12087" t="reset"/>
<phrase i="12088" t="shared"/>
<phrase i="12089" t="connected"/>
<phrase i="12090" t="add-to-dir"/>
<phrase i="12091" t="holding"/>
<phrase i="12092" t="invalid"/>
<phrase i="12093" t="resuming"/>
<phrase i="12094" t="calling"/>
<phrase i="12095" t="answering"/>
<phrase i="12096" t="Personal Speed Dial"/>
<phrase i="12097" t="XferLx Call List"/>
<phrase i="12098" t="ConfLx Call List"/>
<phrase i="12099" t="version"/>
<phrase i="12100" t="Enterprise&quot;Group&quot;Personal"/>
<phrase i="12101" t="Dir. Name"/>
<phrase i="12102" t="Host Server"/>
<phrase i="12103" t="Via"/>
<phrase i="12104" t="Set Agent State"/>
<phrase i="12105" t="Available"/>
<phrase i="12106" t="Reboot History"/>
<phrase i="12107" t="Default&quot;HiDef&quot;Standard"/>
<phrase i="12108" t="Network Startup Delay"/>
<phrase i="12109" t="Distinct CWT"/>
<phrase i="12110" t="Enable LLDP-MED"/>
<phrase i="12111" t="Registration Rejected:&#10;%s"/>
<phrase i="12112" t="Error: Registration Failed.&#10;Contact your administrator..."/>
<phrase i="12113" t="Network Error Detected."/>
<phrase i="12114" t="Registering..."/>
<phrase i="12115" t="Network error."/>
<phrase i="12116" t="Password"/>
<phrase i="12117" t="Resync Succeeded. &#10;Phone will reboot. Please wait."/>
<phrase i="12118" t="Handset Version"/>
<phrase i="12119" t="Auto&quot;Original&quot;v3"/>
<phrase i="12120" t="DHCP Failed"/>
<phrase i="12121" t="Upgrade"/>
<phrase i="12122" t="Provisioning"/>
<phrase i="12123" t="User Triggered"/>
<phrase i="12124" t="SIP Triggered"/>
<phrase i="12125" t="System Error"/>
<phrase i="12126" t="Link Down"/>
<phrase i="12127" t="System 1"/>
<phrase i="12128" t="System 2"/>
<phrase i="12129" t="Duplicate IP"/>
<phrase i="12130" t="Backup IP"/>
<phrase i="12131" t="System 3"/>
<phrase i="12132" t="System 4"/>
<phrase i="12133" t="System 5"/>
<phrase i="12134" t="System 6"/>
<phrase i="12135" t="System 7"/>
<phrase i="12136" t="SIP Triggered"/>
<phrase i="12137" t="Dict Download"/>
<phrase i="12138" t="VLAN Changed"/>
<phrase i="12139" t="RC"/>
<phrase i="12140" t="Factory Reset"/>
<phrase i="12141" t="Software Req"/>
<phrase i="12142" t="IP Changed"/>
<phrase i="12143" t="Enter Account Code"/>
<phrase i="12144" t="Enter Outside Number"/>
<phrase i="12145" t="Internal Directory"/>
<phrase i="12146" t="External Directory"/>
<phrase i="12147" t="Groups Directory"/>
<phrase i="12148" t="Stations Directory"/>
<phrase i="12149" t="External Music"/>
<phrase i="12150" t="Page Group 1"/>
<phrase i="12151" t="Page Group 2"/>
<phrase i="12152" t="Page Group 3"/>
<phrase i="12153" t="Page Group 4"/>
<phrase i="12154" t="Page Group 5"/>
<phrase i="12155" t="External Page"/>
<phrase i="12156" t="Call Example"/>
<phrase i="12157" t="BLF"/>
<phrase i="12158" t="System Night Ringing Mode"/>
<phrase i="12159" t="Call Being Parked"/>
<phrase i="12160" t="Port Mirroring"/>
<phrase i="12161" t="Out of range!"/>
<phrase i="12162" t="XML Service"/>
<phrase i="12163" t="hebrew"/>
<phrase i="12164" t="Call Being Parked"/>
<phrase i="12165" t="Line"/>
<phrase i="12166" t="Switch between LTR or RTL,&#10; previous input text will be&#10; deleted, continue?"/>
<phrase i="12167" t="Font Size"/>
<phrase i="12168" t="Att. Cons. Preferences"/><!--maneas Attendant Console Preferences-->
<phrase i="12169" t="Def. Speed Dial - Line %d"/><!--Def. means define-->
<phrase i="12170" t="Def. Speed Dial - Key %d"/><!--Def. means define-->
<phrase i="12171" t="callpark"/>
<phrase i="12172" t="Waiting for more digit input...&#10;When done, press OK to continue."/>
<phrase i="12173" t="Pulse"/>
<phrase i="12174" t="delAll"/>
<phrase i="12175" t="delList"/>
<phrase i="12176" t="Do you want to delete all records?"/>
<phrase i="12177" t="Display Mode"/> <!-- 7.5.5 start -->
<phrase i="12178" t="Ext"/>
<phrase i="12179" t="Both"/> <!-- 7.5.5 end -->
<phrase i="12180" t="Wi-Fi Configuration"/> <!-- 7.5.6 start -->
<phrase i="12181" t="No Wi-Fi device found."/>
<phrase i="12182" t="Wireless Profile"/>
<phrase i="12183" t="Wi-Fi Protected Setup"/>
<phrase i="12184" t="Wireless Status"/>
<phrase i="12185" t="Basic Configuration"/>
<phrase i="12186" t="Security Mode"/>
<phrase i="12187" t="Encryption Configuration"/>
<phrase i="12188" t="SSID"/>
<phrase i="12189" t="Band"/>
<phrase i="12190" t="WPA Encryption"/>
<phrase i="12191" t="Shared Key Format"/>
<phrase i="12192" t="WPA Key"/>
<phrase i="12193" t="WEP Auth Type"/>
<phrase i="12194" t="WEP Key Length"/>
<phrase i="12195" t="WEP Key"/>
<phrase i="12196" t="Profile"/>
<phrase i="12197" t="PIN Configuration"/>
<phrase i="12198" t="Wireless PIN configuration started!"/>
<!--phrase i="12199" t="For devices that require a PIN, enter the following number: [%s], then select this mode."/-->
<phrase i="12200" t="Wireless Scanning..."/>
<phrase i="12201" t="Select a Profile"/>
<phrase i="12202" t="Push Button Configuration"/>
<phrase i="12203" t="Wireless push button configuration start"/>
<phrase i="12204" t="Wi-Fi Protected Setup"/>
<phrase i="12205" t="Wireless Status"/>
<phrase i="12206" t="Network Name(SSID)"/>
<phrase i="12207" t="Signal Strength"/>
<phrase i="12208" t="scan"/>
<phrase i="12209" t="You need to upgrade to the latest WBPN firmware in order to use this feature."/>
<phrase i="12210" t="Guest Login"/>
<phrase i="12211" t="gstIn"/>
<phrase i="12212" t="gstOut"/>
<phrase i="12213" t="(Guest In)"/> 
<phrase i="12214" t="All parameters will be reset to factory default values. Continue?"/><!-- 7.5.6 end -->

<!-- HEBREW KEYMAP START Needn't translate-->
<phrase i="12399" t=" 1 "/>
<phrase i="12400" t=" a b c "/>
<phrase i="12401" t=" d e f "/>
<phrase i="12402" t=" g h i "/>
<phrase i="12403" t=" j k l "/>
<phrase i="12404" t=" m n o "/>
<phrase i="12405" t=" p q r s "/>
<phrase i="12406" t=" t u v "/>
<phrase i="12407" t=" w x y z "/>
<phrase i="12408" t="   0 "/>
<!-- HEBREW KEYMAP END Needn't translate-->
</phrases>
