<?xml version="1.0" encoding="UTF-8"?>
<phrases>
<trkLocaleName>Spanish-Mexico</trkLocaleName>
<trkBaseClearcaseVersion></trkBaseClearcaseVersion>
<trkTranslationVersion>3157</trkTranslationVersion>
<phrase i="203" t="Nombre de dominio"/>
<phrase i="204" t="Dirección IP"/>
<phrase i="205" t="Máscara de subred"/>
<phrase i="212" t="Servidor DNS 1"/>
<phrase i="213" t="Servidor DNS 2"/>
<phrase i="225" t="URL de directorios"/>
<phrase i="226" t="URL de mensajes"/>
<phrase i="227" t="URL de servicios"/>
<phrase i="354" t="Llamadas recibidas"/>
<phrase i="355" t="Llamadas realizadas"/>
<phrase i="364" t="Contraste"/>
<phrase i="365" t="Configuración de la red"/>
<phrase i="374" t="Chirrido1"/>
<phrase i="375" t="Chirrido2"/>
<phrase i="378" t="Tipo de timbre"/>
<phrase i="384" t="Mensajes del estado"/>
<phrase i="393" t="Estadísticas de la red"/>
<phrase i="473" t="Dirección IP liberada"/>
<phrase i="500" t="Dirección DHCP liberada"/>
<phrase i="502" t="Borrar configuración"/>
<phrase i="552" t="URL de autenticación"/>
<phrase i="585" t="Región del usuario"/>
<phrase i="586" t="Región de la red"/>
<phrase i="635" t="Servidor DHCP"/>
<phrase i="655" t="Información de Modelo"/>
<phrase i="657" t="Número de modelo"/>
<phrase i="670" t="Timbre predet."/>
<phrase i="676" t="Abrev. marc."/>
<phrase i="716" t="Configuración de seguridad"/>
<phrase i="3000" t="Llamadas Perdidas"/>
<phrase i="3001" t="List de Remarcado"/>
<phrase i="3002" t="Volumen de Timbre"/>
<phrase i="3003" t="Volumen de Altavoz"/>
<phrase i="3004" t="Volumen de Auricular"/>
<phrase i="3005" t="Volume do telefone"/>
<phrase i="3006" t="Contraste LCD"/>
<phrase i="3007" t="estado"/>
<phrase i="3008" t="Estado"/>
<phrase i="3009" t="Tecla Línea 4"/><!-- comment content -->
<phrase i="3010" t="Tecla Línea 3"/>
<phrase i="3011" t="Tecla Línea 2"/>
<phrase i="3012" t="Tecla Línea 1"/>
<phrase i="3013" t="Ext 4"/>
<phrase i="3014" t="Ext 3"/>
<phrase i="3015" t="Ext 2"/>
<phrase i="3016" t="Ext 1"/>
<phrase i="3018" t="NoMolest"/><!-- Do not disturb, This is a softkey label -->
<phrase i="3019" t="Servicios Locales"/>
<phrase i="3020" t="Nueva Llamada"/>
<phrase i="3021" t="Llamar"/>
<phrase i="3022" t="Intercom"/>
<phrase i="3023" t="Remarc"/><!-- This is a softkey label -->
<phrase i="3027" t="Sistema reiniciando&#xA;Por favor espere"/>
<phrase i="3028" t="Sistema reiniciando&#xA;Por favor espere"/>
<phrase i="3029" t="Reestableciendo param de fábrica&#xA; Por favor espere"/>
<phrase i="3030" t="¿Confirmar reinicio del sistema?"/>
<phrase i="3031" t="¿Confirmar reinicio del sistema?"/>
<phrase i="3032" t="Todos los parámetros se reajustarán a valores de fábri.&#xA; ¿Continuar?"/>
<phrase i="3033" t="Error de contraseña. ¿Reintentar?"/>
<phrase i="3034" t="Nueva Contraseña"/>
<phrase i="3035" t="Número de buzón de voz:"/>
<phrase i="3036" t="Correc(H:m:s):"/><!-- OK to localize the letters H,m, and s. But don't change the order. -->
<phrase i="3037" t="Hora(H:m:s):"/><!-- OK to localize the letters H,m, and s. But don't change the order. -->
<phrase i="3038" t="Fecha(m/d/y):"/><!-- OK to localize the letters m,d, and y. But don't change the order. -->
<phrase i="3039" t="Salir"/><!-- This is a softkey label -->
<phrase i="3040" t="Entrar"/><!-- This is a softkey label -->
<phrase i="3041" t="Configuración x"/>
<phrase i="3042" t="Configuración"/>
<phrase i="3043" t="Red"/>
<phrase i="3044" t="Ingrese contraseña de Admin:"/>
<phrase i="3045" t="No"/>
<phrase i="3046" t="Demora sin respuesta para reenvío"/>
<phrase i="3047" t="Reenvío número sin respuesta"/>
<phrase i="3048" t="Reenvío número ocupado"/>
<phrase i="3049" t="Reenvío todos los números"/>
<phrase i="3050" t="Dirección Multidir"/>
<phrase i="3051" t="Servidor No-DHCP NTP 2"/>
<phrase i="3052" t="Servidor No-DHCP NTP 1"/>
<phrase i="3053" t="Non-DHCP DNS 2"/>
<phrase i="3054" t="Non-DHCP DNS 1"/>
<phrase i="3055" t="Ruta Predeter No-DHCP"/>
<phrase i="3056" t="Máscara Subred No-DHCP"/>
<phrase i="3057" t="Dirección IP No-DHCP"/>
<phrase i="3058" t="Habilitar Servidor Web"/>
<phrase i="3059" t="Puerta actual"/>
<phrase i="3060" t="Máscara de red actual"/>
<phrase i="3061" t="Dominio"/>
<phrase i="3062" t="Nombre de host"/>
<phrase i="3063" t="IP Actual"/>
<phrase i="3064" t="Habilitar DHCP"/>
<phrase i="3065" t="Tipo de conexión WAN"/>
<phrase i="3066" t="Formato de la fecha"/>
<phrase i="3067" t="Formato Hora"/>
<phrase i="3068" t="Enviar audio a altavoz"/>
<phrase i="3069" t="Pág. respuesta automát."/>
<phrase i="3070" t="Dispo. audio preferido"/>
<phrase i="3071" t="Ayuda para marcar"/>
<phrase i="3072" t="Llamada segura"/>
<phrase i="3073" t="No molestar"/>
<phrase i="3074" t="Bloq. Llamada Anónima"/>
<phrase i="3075" t="Bloq. ID llamada"/>
<phrase i="3076" t="Cert. del cliente"/>
<phrase i="3077" t="Dirección MAC"/>
<phrase i="3078" t="Versión de hardware"/>
<phrase i="3079" t="Versión de software"/>
<phrase i="3080" t="Número de serie"/>
<phrase i="3081" t="Nombre del producto"/>
<phrase i="3082" t="Dispositivo preferido"/>
<phrase i="3083" t="Nombre de estación"/>
<phrase i="3085" t="Estado de llamadas aparcadas"/>
<phrase i="3087" t="Establec. contraseña"/>
<phrase i="3088" t="Restabl. valores fábri."/>
<phrase i="3089" t="Reiniciar software"/>
<phrase i="3090" t="Reiniciar hardware"/>
<phrase i="3092" t="Información del producto"/>
<phrase i="3094" t="Buzón de voz"/>
<phrase i="3095" t="Hora/Fecha"/>
<phrase i="3096" t="Reenviar llamada"/>
<phrase i="3097" t="Preferencias"/>
<phrase i="3099" t="Historial de llamadas"/>
<phrase i="3100" t="Marcado rápido"/>
<phrase i="3101" t="Directorio"/>
<phrase i="3102" t="Ingrese Marc Rápido x"/>
<phrase i="3104" t="Timbre 10"/>
<phrase i="3105" t="Timbre 9"/>
<phrase i="3106" t="Timbre 8"/>
<phrase i="3107" t="Timbre 7"/>
<phrase i="3108" t="Timbre 6"/>
<phrase i="3109" t="Timbre 5"/>
<phrase i="3110" t="Timbre 4"/>
<phrase i="3111" t="Timbre 3"/>
<phrase i="3112" t="Timbre 2"/>
<phrase i="3113" t="Timbre 1"/>
<phrase i="3114" t="Timbre Ex"/>
<phrase i="3115" t="Ext 1: "/>
<phrase i="3116" t="Tono"/>
<phrase i="3117" t="Eliminar: "/>
<phrase i="3118" t="Lista Vacía"/>
<phrase i="3119" t="Contraseña Incorrecta. ¿Reintentar?"/>
<phrase i="3120" t="Ingrese Contraseña:"/>
<phrase i="3121" t="Aparcar llamadas"/>
<phrase i="3123" t="Error al solicitar &#xA;estado de aparcamiento"/>
<phrase i="3124" t="No hay llamadas&#xA;aparcadas"/>
<phrase i="3125" t="Solicitando estado Parqueo &#xA;Llamadas..."/>
<phrase i="3126" t="Num Parqueo Inválido &#xA;Intente de Nuevo"/>
<phrase i="3127" t="Estación de Timbre"/>
<phrase i="3128" t="Captura de llamadas"/>
<phrase i="3129" t="Selec una Línea en espera&#xA;para transferir"/>
<phrase i="3130" t="Selec una Línea en espera&#xA;para conferencia"/>
<phrase i="3131" t="Marcar *Código"/><!-- star code, when user dial star code and some special number, user can go into dial configuration directly, for example, *69 is config call return. -->
<phrase i="3132" t="Forzar G729A"/>
<phrase i="3133" t="Preferir G729A"/>
<phrase i="3134" t="Forzar G726r40"/>
<phrase i="3135" t="Preferir G726r40"/>
<phrase i="3136" t="Forzar G726r32"/>
<phrase i="3137" t="Preferir G726r32"/>
<phrase i="3138" t="Forzar G726r24"/>
<phrase i="3139" t="Preferir G726r24"/>
<phrase i="3140" t="Forzar G726r16"/>
<phrase i="3141" t="Preferir G726r16"/>
<phrase i="3142" t="Forzar G723"/>
<phrase i="3143" t="Preferir G723"/>
<phrase i="3144" t="Forzar G711A"/>
<phrase i="3145" t="Preferir G711A"/>
<phrase i="3146" t="Forzar G711U"/>
<phrase i="3147" t="Preferir G711U"/>
<phrase i="3148" t="Localizando"/>
<phrase i="3149" t="Cancelar proteger siguiente"/>
<phrase i="3150" t="Proteger siguiente"/>
<phrase i="3151" t="Cancelar protección de todas las llamadas"/>
<phrase i="3152" t="Proteger todas las llamadas"/>
<phrase i="3153" t="Cancelar función No molestar"/>
<phrase i="3155" t="Desbloquear Llamadas Anónimas"/>
<phrase i="3157" t="Desbloquear Sig CID"/>
<phrase i="3158" t="Bloq. CID siguiente"/>
<phrase i="3159" t="Cancelar bloq. a CID"/>
<phrase i="3160" t="Bloq. CID"/>
<phrase i="3161" t="Cancel. devolución de llamada"/>
<phrase i="3162" t="Devolver llamada"/>
<phrase i="3163" t="Cancelar Reenvio Sin Respuesta"/>
<phrase i="3164" t="Reenvío Sin Respuesta"/>
<phrase i="3165" t="Cancelar reenvío si está ocupado"/>
<phrase i="3166" t="Reenviar llamada si está ocupado"/>
<phrase i="3167" t="Cancelar reenvío todas"/>
<phrase i="3168" t="Reenviar todas las llamadas"/>
<phrase i="3169" t="Devolución de llamada"/>
<phrase i="3190" t="Auricular   "/>
<phrase i="3191" t="Auricular de tel.   "/>
<phrase i="3192" t="Altavoz   "/>
<phrase i="3194" t="LCD   "/>
<phrase i="3195" t="Teclado   "/>
<phrase i="3201" t="Pasa"/>
<phrase i="3202" t="Error"/>
<phrase i="3216" t="Timbre:"/>
<phrase i="3217" t="Número:"/>
<phrase i="3218" t="Nombre:"/>
<phrase i="3219" t="Eliminar:"/>
<phrase i="3220" t="Elección de Timbre"/>
<phrase i="3221" t="Directorio"/>
<phrase i="3222" t="Ingrese número"/>
<phrase i="3223" t="Ingrese Página Deseada"/><!-- enter the number you want to page?-->
<phrase i="3224" t="Ingrese grupo de capt llamad"/>
<phrase i="3225" t="Intr serv espcial desea"/>
<phrase i="3226" t="Intr serv.refernc desea"/><!-- enter the number you want to refer the current peer to (similar to a transfer, for example)?-->
<phrase i="3227" t="Intr.No. para desaparcar"/>
<phrase i="3228" t="Introducir núm. para aparcar"/>
<phrase i="3229" t="Intr transfer. Ocult"/>
<phrase i="3230" t="Ingres. CFWD núm. no contestado"/>
<phrase i="3231" t="Ingres. CFWD número ocupado"/>
<phrase i="3232" t="Introducir núm. Reenvío todas llamadas:"/>
<phrase i="3234" t="Ingres. más núms."/>
<phrase i="3237" t="Llamadas perdidas"/>
<phrase i="3238" t="Llamadas contestadas"/>
<phrase i="3239" t="Llamadas contestadas"/>
<phrase i="3240" t="Lista de remarcados"/>
<phrase i="3241" t="Inicializar red...."/>
<phrase i="3242" t="Revisando DNS"/>
<phrase i="3243" t="dir."/><!-- This is a softkey label -->
<phrase i="3244" t="reenv."/><!-- This is a softkey label -->
<phrase i="3245" t="Idioma"/>
<phrase i="3246" t="Selección de idioma"/>
<phrase i="3248" t="Llamadas reenviadas"/>
<phrase i="3249" t="Nueva llamada perdida"/>
<phrase i="3250" t="Nuevas llamadas perdidas"/>
<phrase i="3251" t="MÁS"/><!-- This is a softkey label -->
<phrase i="3252" t="Reintentar"/><!-- This is a softkey label -->
<phrase i="3253" t="Cancelar"/><!-- This is a softkey label -->
<phrase i="3254" t="No disp."/><!-- This is a softkey label -->
<phrase i="3255" t="Disp."/><!-- This is a softkey label -->
<phrase i="3258" t="ConGru"/><!-- This is a softkey label -->
<phrase i="3259" t="Contestr"/><!-- This is a softkey label -->
<phrase i="3260" t="desaparcar"/><!-- This is a softkey label -->
<phrase i="3261" t="Aparcar"/><!-- This is a softkey label -->
<phrase i="3262" t="bxfer"/><!-- Blind Transfer. This is a softkey label -->
<phrase i="3264" t="xferLx"/><!-- transfer current call to a holding call on Line x (one of the lines on the phone). This is a softkey label -->
<phrase i="3265" t="xfer,"/><!-- call transfer. This is a softkey label -->
<phrase i="3266" t="*Código"/><!-- This is a softkey label -->
<phrase i="3267" t="selec."/><!-- This is a softkey label -->
<phrase i="3268" t="guardar"/><!-- This is a softkey label -->
<phrase i="3270" t="reanudar"/><!-- This is a softkey label -->
<phrase i="3272" t="Anterior"/><!-- This is a softkey label -->
<phrase i="3273" t="reprod."/><!-- This is a softkey label -->
<phrase i="3274" t="pegar"/><!-- This is a softkey label -->
<phrase i="3275" t="opción"/><!-- This is a softkey label -->
<phrase i="3276" t="Aceptar"/><!-- This is a softkey label -->
<phrase i="3277" t="núm."/><!-- This is a softkey label -->
<phrase i="3278" t="Siguient"/><!-- This is a softkey label -->
<phrase i="3279" t="perdida"/><!-- This is a softkey label -->
<phrase i="3281" t="lcr"/><!-- last call redial, the phone will dial the last miss call when you press the key. This is a softkey label -->
<phrase i="3282" t="Unir"/><!-- This is a softkey label -->
<phrase i="3283" t="IP"/><!-- This is a softkey label -->
<phrase i="3284" t="salir"/><!-- This is a softkey label -->
<phrase i="3285" t="editar"/><!-- This is a softkey label -->
<phrase i="3286" t="no mol."/><!-- This is a softkey label -->
<phrase i="3288" t="marcar"/><!-- This is a softkey label -->
<phrase i="3289" t="borrar"/><!-- This is a softkey label -->
<phrase i="3290" t="copia"/><!-- This is a softkey label -->
<phrase i="3291" t="confLx"/><!-- start a conf?with the current call?peer and ?a hold call on Line x. This is a softkey label -->
<phrase i="3292" t="conf."/><!-- This is a softkey label -->
<phrase i="3293" t="limpiar"/><!-- This is a softkey label -->
<phrase i="3294" t="-Reenv."/><!-- This is a softkey label -->
<phrase i="3295" t="-no mol."/><!-- This is a softkey label -->
<phrase i="3296" t="Cambiar"/><!-- This is a softkey label -->
<phrase i="3298" t="cancel."/><!-- This is a softkey label -->
<phrase i="3299" t="puente"/><!-- This is a softkey label -->
<phrase i="3300" t="elimCar"/><!-- This is a softkey label -->
<phrase i="3301" t="alfa"/><!-- This is a softkey label -->
<phrase i="3302" t="agregar"/><!-- This is a softkey label -->
<phrase i="3303" t="Configuración x"/>
<phrase i="3304" t="Configuración"/>
<phrase i="3305" t="Compartido"/>
<phrase i="3306" t="Tratando de reanudar"/>
<phrase i="3307" t="Tratando de poner en espera"/>
<phrase i="3308" t="En espera"/>
<phrase i="3309" t="Conectado"/>
<phrase i="3310" t="Contestando"/>
<phrase i="3311" t="Llamada finalizó"/>
<phrase i="3312" t="Sonando"/>
<phrase i="3313" t="Llamando a número marcado"/>
<phrase i="3314" t="Llamando"/>
<phrase i="3315" t="Comunicándose con servidor STUN"/>
<phrase i="3316" t="Marcando"/>
<phrase i="3317" t="Seleccionando estación"/>
<phrase i="3318" t="Seleccionando llamada"/>
<phrase i="3319" t="Recopilando información de llamada"/>
<phrase i="3320" t="Tratando de capturar línea"/>
<phrase i="3321" t="Listo"/>
<phrase i="3322" t="Sí"/>
<phrase i="3323" t="No registrada"/>
<phrase i="3324" t="Registrada"/>
<phrase i="3325" t="Entrada"/>
<phrase i="3326" t="Salida"/>
<phrase i="3327" t="Devolver llamada"/>
<phrase i="3328" t="Reenviada"/>
<phrase i="3329" t="Transferida"/>
<phrase i="3330" t="No válido"/>
<phrase i="3331" t="Inactivo"/>
<phrase i="3332" t="CWT"/><!-- Call Waiting Tone -->
<phrase i="3333" t="Timbre de devolución de llamada"/>
<phrase i="3334" t="Timbre de espera"/>
<phrase i="3335" t="Timbre"/>
<phrase i="3336" t="Indicación de llamada segura"/>
<phrase i="3337" t="Conferencia"/>
<phrase i="3338" t="Espera"/>
<phrase i="3339" t="Error"/>
<phrase i="3340" t="Confirmar"/>
<phrase i="3341" t="Apuntador"/>
<phrase i="3342" t="SIT 4"/><!-- special information tone 4. see http://en.wikipedia.org/wiki/Special_information_tone -->
<phrase i="3343" t="SIT 3"/>
<phrase i="3344" t="SIT 2"/>
<phrase i="3345" t="SIT 1"/>
<phrase i="3346" t="Advertencia: teléf. descolgado"/>
<phrase i="3347" t="Devolver llamada"/>
<phrase i="3348" t="Reordenar"/>
<phrase i="3349" t="Ocupado"/>
<phrase i="3350" t="MWI"/><!-- Message WAiting Indicator, it is a tone. -->
<phrase i="3351" t="Marcar número externo"/>
<phrase i="3352" t="2do Marcado"/>
<phrase i="3353" t="Marcar"/><!-- This is a softkey label -->
<phrase i="3354" t="Ninguno"/>
<phrase i="3355" t="Xfr"/><!-- a call type, means the call has been transferred -->
<phrase i="3356" t="Reenviar"/>
<phrase i="3357" t="CB"/><!-- for outbound call, meaning callback call, to indicate on the status page that the current call is a callback call. -->
<phrase i="3358" t="A"/>
<phrase i="3359" t="De"/>
<phrase i="3360" t="Nueva entrada"/>
<phrase i="3361" t="TOTAL"/>
<phrase i="3362" t="Directorio corporativo"/>
<phrase i="3363" t="Intr núm.decapt llamad"/>
<phrase i="3365" t="Marcado Rápido"/>
<phrase i="3366" t="&lt;Sin asignar&gt;"/>
<phrase i="3367" t="Ingrese Marc Rápido 2"/>
<phrase i="3368" t="Ingrese Marc Rápido 3"/>
<phrase i="3369" t="Ingrese Marc Rápido 4"/>
<phrase i="3370" t="Ingrese Marc Rápido 5"/>
<phrase i="3371" t="Ingrese Marc Rápido 6"/>
<phrase i="3372" t="Ingrese Marc Rápido 7"/>
<phrase i="3373" t="Ingrese Marc Rápido 8"/>
<phrase i="3374" t="Ingrese Marc Rápido 9"/>
<phrase i="3375" t="Ingrese Marc Rápido"/>
<phrase i="3376" t="Historial de llamadas"/>
<phrase i="3377" t="Llamadas Contestadas"/>
<phrase i="3378" t="Tono de timbre"/>
<phrase i="3379" t="Tono E1"/>
<phrase i="3380" t="Tono E2"/>
<phrase i="3381" t="Tono E3"/>
<phrase i="3382" t="Tono E4"/>
<phrase i="3383" t="Directorio corporativo"/>
<phrase i="3384" t="Preferencias"/>
<phrase i="3385" t="sí/no"/><!-- This is a softkey label -->
<phrase i="3386" t="Bloq.  ID llamada&#xA;"/>
<phrase i="3387" t="Bloq. Llamada Anónima&#xA;"/>
<phrase i="3388" t="No Molestar&#xA;"/>
<phrase i="3389" t="Llamada Segura&#xA;"/>
<phrase i="3390" t="Ayuda para marcar&#xA;"/><!-- it is a assistence system for dialing. When user dials numbers, it gives suggestion numbers to the user. -->
<phrase i="3391" t="Dispositivo de Audio Preferido&#xA;"/>
<phrase i="3394" t="Pág. respuesta automát.&#xA;"/><!-- When local call enable the Auto Answer Page feature, remote caller call local call with page mode, local phone will answer it directly. -->
<phrase i="3395" t="Enviar Audio a Altavoz&#xA;"/>
<phrase i="3396" t="Formato de Hora&#xA;"/>
<phrase i="3397" t="Formato de la fecha&#xA;"/>
<phrase i="3398" t="día/mes"/>
<phrase i="3399" t="mes/día"/>
<phrase i="3400" t="Idioma"/>
<phrase i="3401" t="Estado de llamadas aparcadas"/>
<phrase i="3402" t="Estado"/>
<phrase i="3403" t="Estado del teléfono"/>
<phrase i="3405" t="Estado de ext. 2"/>
<phrase i="3406" t="Estado L1"/>
<phrase i="3407" t="Estado L2"/>
<phrase i="3408" t="Estado L3"/>
<phrase i="3409" t="Estado L4"/>
<phrase i="3410" t="Llamada 1:"/>
<phrase i="3412" t="Fecha: "/>
<phrase i="3413" t="Tiempo en línea: "/>
<phrase i="3415" t="Último reg. en %02d:%02d %d/%d&#xA;"/>
<phrase i="3416" t="Sig. reg. en %us&#xA;"/>
<phrase i="3418" t="Llamada 1: "/>
<phrase i="3420" t="Tono: "/>
<phrase i="3421" t="Ninguno"/>
<phrase i="3422" t="No instalado"/>
<phrase i="3423" t="Predet."/><!-- This is a softkey label -->
<phrase i="3425" t="Estación"/>
<phrase i="3426" t="Grupo de páginas"/>
<phrase i="3427" t="Operadora automática"/>
<phrase i="3428" t="Música interna"/>
<phrase i="3429" t="Por favor espere"/>
<phrase i="3430" t="Intentando entrar"/>
<phrase i="3432" t="Contactando Servidor ACD&#xA;Para Disponible"/>
<phrase i="3433" t="Contactando Servidor ACD&#xA;Para No Disponible"/>
<phrase i="3434" t="No fue posible iniciar la sesión.&#xA;"/>
<phrase i="3435" t="Por favor revise su ID de usuario&#xA;y Contraseña."/>
<phrase i="3437" t="Notificar Dispo Falló&#xA;"/>
<phrase i="3438" t="Notificar No Dispo Falló&#xA;"/>
<phrase i="3439" t="ID de usuario"/>
<phrase i="3440" t="Contraseña:"/>
<phrase i="3441" t="Inicio de sesión ACD"/>
<phrase i="3445" t="Actualizando &#xA; Por favor no desconecte &#xA;Teléfono se reiniciará&#xA;automáticamente"/>
<phrase i="3446" t="&#xA;&#xA;PU: "/><!-- PU stands for Pickup -->
<phrase i="3450" t="Inicio del sistema...."/>
<phrase i="3451" t="Solicitando directorio&#xA;corporativo del servidor..."/>
<phrase i="3452" t="Solicitud de directorio&#xA;corporativo falló"/>
<phrase i="3453" t="cdir"/>
<phrase i="3461" t="Entrada Desconocida"/>
<phrase i="3468" t="Usuario desconocido"/>
<phrase i="3469" t="Por %s"/>
<phrase i="3470" t="PSTN"/>
<phrase i="3472" t="Compartir llamada %s"/>
<phrase i="3473" t="Por %s&#xA;"/>
<phrase i="3476" t="Destinatario"/>
<phrase i="3477" t="Estado"/>
<phrase i="3478" t="terminada"/>
<phrase i="3479" t="intentando"/>
<phrase i="3480" t="temprano"/>
<phrase i="3481" t="procediendo"/>
<phrase i="3482" t="Confirmados"/>
<phrase i="3503" t="Usuario %d"/>
<phrase i="3504" t="Sin tono"/>
<phrase i="3509" t="Usuario %d (No instalado)"/>
<phrase i="3510" t="12hr"/>
<phrase i="3511" t="24hr"/>
<phrase i="3512" t="DHCP"/>
<phrase i="3513" t="IP estática"/>
<phrase i="3515" t="PPPoE"/>
<phrase i="3516" t="pwd"/><!-- password -->
<phrase i="3517" t="cfg"/><!-- it is a name for a gui page, which is for phone parameter configuration. -->
<phrase i="3518" t="Idioma(No Disponible)"/>
<phrase i="3519" t="No Disponible"/>
<phrase i="3520" t="Confirmar"/>
<phrase i="3521" t="contraste"/>
<phrase i="3522" t="marc_ráp"/>
<phrase i="3523" t="%d días"/>
<phrase i="3524" t="1 día"/>
<phrase i="3525" t="Deshabilitado&#xA;"/>
<phrase i="3526" t="Tipo de %d  llamada: %s&#xA;"/>
<phrase i="3527" t="Nombre par %s&#xA;"/>
<phrase i="3528" t="Ph par: %s&#xA;"/>
<phrase i="3529" t="Dur: %02d:%02d:%02d"/>
<phrase i="3530" t="Llamada %d: %s&#xA;"/>
<phrase i="3531" t="Tono: %s&#xA;"/>
<phrase i="3532" t="Codificar %s&#xA;"/><!-- Enc means encoder -->
<phrase i="3533" t="Dic %s&#xA;"/><!-- Dec means decoder -->
<phrase i="3534" t="L%d: Sin Servicio&#xA;"/><!-- "L" means line -->
<phrase i="3535" t="Estado del teléfono"/>
<phrase i="3536" t="Estado Ext %d"/>
<phrase i="3537" t="Estado %dL"/>
<phrase i="3538" t="HoraFecha"/>
<phrase i="3539" t="Guardar Cambios de Volumen&#xA;"/>
<phrase i="3540" t="Guardar cambios de contraste&#xA;"/>
<phrase i="3541" t="remarc."/><!-- This is a softkey label -->
<phrase i="3542" t="Ingresar"/><!-- This is a softkey label -->
<phrase i="3543" t="Salir"/><!-- This is a softkey label -->
<phrase i="3544" t="vol"/>
<phrase i="3545" t="Configuración"/>
<phrase i="3546" t="Llamada perdida"/>
<phrase i="3548" t="Error&#xA;"/>
<phrase i="3549" t="Desaparcar"/>
<phrase i="3550" t="Inglés"/>
<phrase i="3551" t="Español"/>
<phrase i="3552" t="Portugués"/>
<phrase i="3553" t="Italiano"/>
<phrase i="3554" t="Alemán"/>
<phrase i="3555" t="Danés"/>
<phrase i="3556" t="Finlandés"/>
<phrase i="3557" t="Holandés"/>
<phrase i="3558" t="Noruego"/>
<phrase i="3559" t="Francés"/>
<phrase i="3560" t="Temp. luz de fondo"/>
<phrase i="3561" t="Siempre activa"/>
<phrase i="3562" t="Apagada"/>
<phrase i="3563" t="Acceso dir. llam. perdida"/>
<phrase i="3564" t="Llamadas en espera"/>
<phrase i="3565" t="Habilitar VLAN"/>
<phrase i="3566" t="ID de VLAN"/>
<phrase i="3567" t="Oficina"/>
<phrase i="3568" t="Clásico -1"/>
<phrase i="3569" t="Clásico-2"/>
<phrase i="3570" t="Clásico-3"/>
<phrase i="3571" t="Clásico-4"/>
<phrase i="3572" t="Simple-1"/>
<phrase i="3573" t="Simple-2"/>
<phrase i="3574" t="Simple-3"/>
<phrase i="3575" t="Simple-4"/>
<phrase i="3576" t="Simple-5"/>
<phrase i="3577" t="Instalado"/>
<phrase i="3578" t="Elim. car."/>
<phrase i="3579" t="Reenviar"/><!-- This is a softkey label -->
<phrase i="3580" t="CanNomole"/><!-- "Clr" means clear, This is a softkey label -->
<phrase i="3581" t="No molestar "/>
<phrase i="3582" t="CanReenv"/><!-- This is a softkey label -->
<phrase i="3583" t="Lín. conf."/><!-- This is a softkey label -->
<phrase i="3584" t="DvolLlam"/><!-- Call return, This is a softkey label -->
<phrase i="3585" t="Anterior"/><!-- This is a softkey label -->
<phrase i="3586" t="Transfer."/><!-- This is a softkey label -->
<phrase i="3587" t="Lín. transf."/><!-- This is a softkey label -->
<phrase i="3588" t="Transf. oculta"/><!-- blind transfer, this is the equivalent of "bxfer", bxfer is used by SPA942 IP Phone, and BlindXfer is used by SPA962, because of SPA962 can fit more words in softkey box. This is a softkey label -->
<phrase i="3589" t="Capt. grup."/><!-- Group Pick Up, this is the equivalent of "grPick", grPick is used by SPA942, and GrPickup is used by SPA962, because of SPA962 can fit more words in softkey box. This is a softkey label -->
<phrase i="3590" t="Vista previa"/><!-- This is a softkey label -->
<phrase i="3591" t="Propiedad GUI"/>
<phrase i="3592" t="Propiedad GUI"/>
<phrase i="3593" t="Imagen de Fondo Preferida"/>
<phrase i="3594" t="Descargado"/>
<phrase i="3596" t="Esquema de Color de Menú Preferido"/>
<phrase i="3597" t="Azul claro"/>
<phrase i="3598" t="Verde claro"/>
<phrase i="3599" t="Rosa"/>
<phrase i="3600" t="Plateado"/>
<phrase i="3601" t="Llamadas Re-enviadaas "/>
<phrase i="3602" t="Tecla Línea 5"/>
<phrase i="3603" t="Tecla Línea 6"/>
<phrase i="3604" t="CDP"/>
<phrase i="3605" t="Ext 5"/>
<phrase i="3606" t="Ext 6"/>
<phrase i="3607" t="Altavoz"/>
<phrase i="3608" t="Auricular"/>
<phrase i="3609" t="a.m."/>
<phrase i="3610" t="pm"/>
<phrase i="3614" t="Línea %d: %s(%s)"/>
<phrase i="3616" t="Restablecer personalización"/>
<phrase i="3617" t="Buscar actualizaciones&#xA;para perfil de personalización?&#xA;(trabaja en el fondo)"/>
<phrase i="3618" t="Servicio Web"/>
<phrase i="3619" t="Servicio Web"/>
<phrase i="3620" t="Noticias Locales"/>
<phrase i="3621" t="Noticias Mundiales"/>
<phrase i="3623" t="Noticias Deportivas"/>
<phrase i="3624" t="Noticias Políticas"/>
<phrase i="3625" t="Noticias de Tecnología"/>
<phrase i="3626" t="Noticias de Entretenimiento"/>
<phrase i="3627" t="Tráfico"/>
<phrase i="3628" t="Símbolo de Precios de Acciones"/>
<phrase i="3629" t="Símbolo de Precios de Acciones:"/>
<phrase i="3630" t="Línea RSS 1"/>
<phrase i="3631" t="Línea RSS 2"/>
<phrase i="3632" t="Línea RSS 3"/>
<phrase i="3633" t="Línea RSS 4"/>
<phrase i="3634" t="Línea RSS 5"/>
<phrase i="3635" t="Symbol"/>
<phrase i="3636" t="Último"/>
<phrase i="3637" t="Cambiar"/>
<phrase i="3638" t="Ofrecer:"/>
<phrase i="3639" t="Preguntar:"/>
<phrase i="3640" t="Aprovisionamiento"/>
<phrase i="3641" t="Hist. estadist. llamada"/>
<phrase i="3642" t="Proxy:%s:%u&#xA;"/>
<phrase i="3643" t="Perfil:%s&#xA;"/>
<phrase i="3644" t="Estado:%s&#xA;"/>
<phrase i="3645" t="Motivo:%s&#xA;"/>
<phrase i="3647" t="Deshabilitado"/>
<phrase i="3649" t="Error de análisis de la regla"/>
<phrase i="3650" t="En curso"/>
<phrase i="3651" t="Correcto"/>
<phrase i="3652" t="Resolución DNS"/>
<phrase i="3653" t="Sin nombre de servidor"/>
<phrase i="3654" t="Servidor no válido o restringido"/>
<phrase i="3655" t="Recursos agotados"/>
<phrase i="3656" t="Archivo dañado"/>
<phrase i="3657" t="Clave de cifrado"/>
<phrase i="3658" t="URL no válida"/>
<phrase i="3659" t="No se encontro el archivo"/>
<phrase i="3660" t="Descarga falló"/>
<phrase i="3661" t="&lt;Sin elemento&lt;"/>
<phrase i="3662" t="Tipo%s"/>
<phrase i="3663" t="Nombre Par:%s"/>
<phrase i="3664" t="Teléfono Par:%s"/>
<phrase i="3665" t="Dur:"/>
<phrase i="3666" t="Hora de llamada"/>
<phrase i="3667" t="Codificar%s"/>
<phrase i="3668" t="Dic%s"/>
<phrase i="3669" t="ID de llamada%s"/>
<phrase i="3674" t="Actualizando datos de noticias..."/>
<phrase i="3675" t="No hay datos de noticias disponibles..."/>
<phrase i="3676" t="Error al recibir datos de noticias..."/>
<phrase i="3677" t="Noticias"/>
<phrase i="3680" t="Tx: %uP&#xA;"/><!-- Tx means transmit, P means package -->
<phrase i="3681" t="Rx: %uP&#xA;"/><!-- Rx means receive, P means package -->
<phrase i="3683" t="Proxy:%s&#xA;"/>
<phrase i="3684" t="L%d: %s&#xA;"/>
<phrase i="3685" t="Tipo de llamada %s&#xA;"/>
<phrase i="3687" t="[vacío]"/>
<phrase i="3690" t="Estado del aprovisiona."/>
<phrase i="3693" t="Estadísticas de llamadas"/>
<phrase i="3703" t="Ext.%d"/>
<phrase i="3704" t="Actualizando datos de valores..."/>
<phrase i="3705" t="No hay info de valores disponible..."/>
<phrase i="3706" t="Error al recibir datos de valores..."/>
<phrase i="3713" t="Datos de Valores Yahoo"/>
<phrase i="3715" t="Actualizando datos de tráfico..."/>
<phrase i="3716" t="No hay datos de tráfico disponibles..."/>
<phrase i="3717" t="Error al recibir datos de tráfico..."/>
<phrase i="3718" t="No hay tráfico detallado disponible..."/>
<phrase i="3719" t="Error al mostrar datos de tráfico..."/>
<phrase i="3721" t="Info de Valores"/>
<phrase i="3730" t="Inicio de sesión en Yahoo!"/>
<phrase i="3731" t="Salir de Yahoo!?"/>
<phrase i="3732" t="Exitoso"/>
<phrase i="3733" t="Error. Por favor revise Usuario y Contraseña"/>
<phrase i="3734" t="Entrando. Por favor espere."/>
<phrase i="3735" t="PU: "/>
<phrase i="3736" t="Llamadas reenviadas&#xA;"/>
<phrase i="3737" t="Salida&#xA;"/>
<phrase i="3738" t="Entrando&#xA;"/>
<phrase i="3739" t="No registrado&#xA;"/>
<phrase i="3741" t="&#xA;Por: %s&#xA;%s: "/>
<phrase i="3743" t="&#xA;PU: "/>
<phrase i="3744" t="%sSalida"/>
<phrase i="3745" t="actualizar"/><!-- This is a softkey label -->
<phrase i="3746" t="Detalles"/><!-- This is a softkey label -->
<phrase i="3756" t="PROBAR_IDIOMA"/>
<phrase i="3757" t="Imagen BMP"/>
<phrase i="3758" t="Agregar"/><!-- This is a softkey label -->
<phrase i="3759" t="Alfa"/><!-- This is a softkey label -->
<phrase i="3760" t="EliCarac"/><!-- This is a softkey label -->
<phrase i="3761" t="Puente"/><!-- This is a softkey label -->
<phrase i="3762" t="Canc"/><!-- This is a softkey label -->
<phrase i="3764" t="Borrar"/><!-- This is a softkey label -->
<phrase i="3765" t="Conf."/><!-- This is a softkey label -->
<phrase i="3766" t="Copiar"/><!-- This is a softkey label -->
<phrase i="3767" t="Eliminar"/><!-- This is a softkey label -->
<phrase i="3771" t="Editar"/><!-- This is a softkey label -->
<phrase i="3772" t="Salir"/><!-- This is a softkey label -->
<phrase i="3774" t="Unir"/><!-- This is a softkey label -->
<phrase i="3775" t="Srta."/><!-- This is a softkey label -->
<phrase i="3776" t="Siguiente"/><!-- This is a softkey label -->
<phrase i="3777" t="Núm."/><!-- This is a softkey label -->
<phrase i="3778" t="Aceptar"/><!-- This is a softkey label -->
<phrase i="3779" t="Opción"/><!-- This is a softkey label -->
<phrase i="3780" t="Pegar"/><!-- This is a softkey label -->
<phrase i="3781" t="Reprod."/><!-- This is a softkey label -->
<phrase i="3783" t="Reanudar"/><!-- This is a softkey label -->
<phrase i="3784" t="Guardar"/><!-- This is a softkey label -->
<phrase i="3785" t="Selecccionar"/><!-- This is a softkey label -->
<phrase i="3786" t="*Código"/><!-- This is a softkey label -->
<phrase i="3787" t="S/N"/><!-- This is a softkey label -->
<phrase i="3793" t="Disp."/><!-- This is a softkey label -->
<phrase i="3794" t="No disp."/><!-- This is a softkey label -->
<phrase i="3795" t="Cancel."/><!-- This is a softkey label -->
<phrase i="3796" t="Reintentar"/><!-- This is a softkey label -->
<phrase i="3797" t="Más"/><!-- This is a softkey label -->
<phrase i="3798" t="Actualizar"/><!-- This is a softkey label -->
<phrase i="3799" t="Vista previa"/><!-- This is a softkey label -->
<phrase i="3800" t="Detalles"/><!-- This is a softkey label -->
<phrase i="3803" t="Salir de Yahoo!"/>
<phrase i="3807" t="Dir.Corp."/>
<phrase i="3808" t="No hay imagenes descargable disp"/>
<phrase i="3809" t="Bloq. llamadas anónimas"/>
<phrase i="3810" t="No hay noticias detalladas disponibles..."/>
<phrase i="3811" t="No hay noticias detalladas disponibles&#xA;"/>
<phrase i="3812" t="Error al mostrar datos de noticias..."/>
<phrase i="3813" t="Transfiriendo"/>
<phrase i="3814" t="Error al transferir"/>
<phrase i="3815" t="Dur: %02d:%02d:%02d&#xA;"/>
<phrase i="3816" t="Estadísticas de llamadas"/>
<phrase i="3817" t="Error al mostrar datos de valores..."/>
<phrase i="3818" t="No hay tráfico detallado disponible&#xA;"/>
<phrase i="3822" t="Timbre E5"/>
<phrase i="3824" t="No molestar"/>
<phrase i="3825" t="Llamadas Reenviadas,"/>
<phrase i="3826" t="&lt;Sin elemento&gt;"/>
<phrase i="3827" t="Personalización"/>
<phrase i="3828" t="Abierta"/>
<phrase i="3829" t="Pendiente"/>
<phrase i="3830" t="Personalizado"/>
<phrase i="3831" t="Predeter&quot;Descargado"/>
<phrase i="3832" t="Usuario Anónimo"/>
<phrase i="3833" t="%sLlamadas Reenviadas"/>
<phrase i="3834" t="%sSaliendo"/>
<phrase i="3835" t="%sIngresando"/>
<phrase i="3836" t="%sNo registrado"/>
<phrase i="3837" t="%sRegistrando..."/>
<phrase i="3838" t="%sNo molestar"/>
<phrase i="3839" t="E1 Timbre"/>
<phrase i="3840" t="E2 Timbre"/>
<phrase i="3841" t="E3 Timbre"/>
<phrase i="3842" t="E4 Timbre"/>
<phrase i="3843" t="E5 Timbre"/>
<phrase i="3844" t="E6 Timbre"/>
<phrase i="3845" t="Error al Ingresar.&#xA;Por favor revise su ID de usuario&#xA;y Contraseña."/>
<phrase i="3846" t="Intentando entrar."/>
<phrase i="3847" t="Authorizando..."/>
<phrase i="3848" t="Inicio de sesión CMS"/>
<phrase i="3849" t="¿Finalizar sesión de CMS?"/>
<phrase i="3850" t=" 1 / : \\ , ! ; $ ^ | "/>
<phrase i="3851" t=" a b c 2 A B C á Á "/>
<phrase i="3852" t=" d e f 3 D E F é É "/>
<phrase i="3853" t=" g h i 4 G H I í Í "/>
<phrase i="3854" t=" j k l 5 J K L "/>
<phrase i="3855" t=" m n ñ o 6 M N Ñ O ó Ó "/>
<phrase i="3856" t=" p q r s 7 P Q R S "/>
<phrase i="3857" t=" t u v 8 T U V ú ü Ú Ü "/>
<phrase i="3858" t=" w x y z 9 W X Y Z "/>
<phrase i="3859" t=" . @ * &amp; % [ ] _ "/>
<phrase i="3860" t="   0 ~ ? &gt; ' &lt; \&quot; "/>
<phrase i="3861" t=" # + - = ( ) { } "/>
<phrase i="3863" t="Polaco"/>
<phrase i="3864" t="Ruso"/>
<phrase i="3865" t="Húngaro"/>
<phrase i="3866" t="Checo"/>
<phrase i="3867" t="Turco"/>
<phrase i="3868" t="Sueco"/>
<phrase i="3869" t="Esloveno"/>
<phrase i="3870" t="Búlgaro"/>
<phrase i="3871" t="Eslovaco"/>
<phrase i="3872" t="Croata"/>
<phrase i="3950" t="Sin respuesta"/>
<phrase i="3951" t="No disponible"/>
<phrase i="3952" t="Autenticar"/>
<phrase i="3953" t="Desconocido"/>
<phrase i="3954" t="Tratando de poner en espera"/>
<phrase i="3955" t="Tratando de reanudar"/>
<phrase i="3956" t="Cambiar"/><!-- This is a softkey label -->
<phrase i="3957" t="Aparcar"/><!-- This is a softkey label -->
<phrase i="3958" t="Desaparcar"/><!-- This is a softkey label -->
<phrase i="3959" t="Contestar"/><!-- This is a softkey label -->
<phrase i="3960" t="Resinc"/><!-- This is a softkey label -->
<phrase i="3961" t="Activar"/><!-- This is a softkey label -->
<phrase i="3962" t="Aceptar"/><!-- This is a softkey label -->
<phrase i="3963" t="Con"/><!-- This is a softkey label -->
<phrase i="3964" t="-Con"/><!-- This is a softkey label -->
<phrase i="3965" t="enviar"/><!-- This is a softkey label -->
<phrase i="3966" t="resinc."/><!-- This is a softkey label -->
<phrase i="3967" t="activ"/><!-- This is a softkey label -->
<phrase i="3968" t="ACEPTAR"/><!-- This is a softkey label -->
<phrase i="3969" t="con"/><!-- This is a softkey label -->
<phrase i="3970" t="-con"/><!-- This is a softkey label -->
<phrase i="3971" t="Abajo"/><!-- softkey name, used to turn down the volume for sccp mode. This is a softkey label -->
<phrase i="3972" t="Arriba"/><!-- softkey name, used to turn up the volume for sccp mode. This is a softkey label -->
<phrase i="3973" t="Predet."/><!-- This is a softkey label -->
<phrase i="3974" t="EditMarc"/><!-- This is a softkey label -->
<phrase i="3975" t="&#xA;&#xA;&#xA;Actualizando Firmware&#xA;Por favor no desconecte&#xA;Teléfono se reiniciará&#xA;automáticamente"/>
<phrase i="3976" t="Cargando Ap XML..."/>
<phrase i="3977" t="La actualización ha fallado"/>
<phrase i="3978" t="Carga Ap OK"/>
<phrase i="3979" t="Carga Ap Fallo"/>
<phrase i="3980" t="Servicios de CME"/><!-- CME is "Cisco Call Manager Express" -->
<phrase i="3981" t="Tratando de Salir.&#xA;Por favor espere..."/>
<phrase i="3982" t="Error al cerrar sesión,&#xA;el sistema está reiniciando..."/>
<phrase i="3983" t="   0 ~ ? &gt; ' &lt; &quot; "/>
<phrase i="3984" t="Seleccionar Timbre"/>
<phrase i="3985" t="MN"/>
<phrase i="3986" t="Timbre predet. %s"/>
<phrase i="3987" t="Seleccionar Línea"/>
<phrase i="3988" t="Timbre Predeter Línea                        "/>
<phrase i="3989" t="Nombre Timbre Predeter                     "/>
<phrase i="3990" t="Configuración"/>
<phrase i="3991" t="Modo de protec. pantalla"/>
<phrase i="3992" t="Habilitar prot. pantalla"/>
<phrase i="3993" t="Tiempo espera protec."/>
<phrase i="3994" t="Icono protector de pantalla"/>
<phrase i="3995" t="TiempoEstación&quot;Bloquear&quot;Teléfono&quot;FechaHora&quot;Imagen de Fondo"/>
<phrase i="3996" t="&#xA;&#xA;&#xA;Reestableciendo a valores de fábrica&#xA;Por favor espere"/>
<phrase i="3997" t="&#xA;&#xA;&#xA;Reiniciando sistema&#xA;Por favor espere"/>
<phrase i="3998" t="&#xA;&#xA;&#xA;Reiniciando sistema&#xA;Por favor espere"/>
<phrase i="4001" t="Regla de perfil"/>
<phrase i="4002" t="Regla de perfil"/>
<phrase i="4003" t="Resinc Perfil: %s&#xA;"/>
<phrase i="4004" t="Resultado: %s&#xA;"/>
<phrase i="4005" t="Razón: %s&#xA;"/>
<phrase i="4006" t="Resinc a&#xA;%s&#xA;Telefono puede reiniciarse &#xA;si hay exito!"/>
<phrase i="4007" t="Regla de perfil inválida!&#xA;"/>
<phrase i="4008" t="Solicitando resinc a&#xA;%s&#xA; cuando el teléfono este en espera!"/>
<phrase i="4009" t="Solicitando resinc fallo!&#xA;El teléfono está procesando una solicitud!&#xA;Por favor trate más tarde."/>
<phrase i="4010" t="Registrando...&#xA;"/>
<phrase i="4011" t="%2d:%02d:%02d%cm"/>
<phrase i="4012" t="Presiona cualquier tecla para desbloq teléfono"/>
<phrase i="4013" t="Protocolo Control Llamada"/>
<phrase i="4014" t="Router predeterminado"/>
<phrase i="4015" t="Servidor TFTP"/>
<phrase i="4016" t="Administrador ID de VLAN"/>
<phrase i="4017" t="Habilitar CDP"/><!-- CDP is "Cisco Discovery Protocol" -->
<phrase i="4018" t="Administrador de Llamadas"/>
<phrase i="4019" t="Contraseña de Entrada PPPoE"/>
<phrase i="4020" t="Nombre de Entrada PPPOE"/>
<phrase i="4021" t="Contraseña de Entrada PPPoE"/>
<phrase i="4022" t="Servidor Web Habilitado"/>
<phrase i="4023" t="Servidor de Debug"/>
<phrase i="4024" t="Apag&quot;10 s&quot;20 s&quot;30 s&quot;Siempre Enc"/>
<phrase i="4025" t="Configuración Local"/>
<phrase i="4026" t="Versión Firmware"/>
<phrase i="4027" t="Rcv: %u, "/>
<phrase i="4028" t="Xmt: %u&#xA;"/><!-- Transmit, to count transmit package number -->
<phrase i="4029" t="Tiempo transcurrido "/>
<phrase i="4030" t="E.%d "/><!-- E means extension, for IP Phone spa942 each line can be configured to use a unique phone number(or extension) -->
<phrase i="4031" t="Modelo: %s&#xA;"/>
<phrase i="4032" t="Versión: %s&#xA;"/>
<phrase i="4033" t="Línea%s"/>
<phrase i="4034" t="N/D"/>
<phrase i="4038" t="Conectándose al servidor&#xA;VPN..."/>
<phrase i="4039" t="Desconectándose al &#xA;servidor VPN..."/>
<phrase i="4040" t="Falló la conexión VPN&#xA;"/>
<phrase i="4041" t="Conectado a VPN"/>
<phrase i="4042" t="¡VPN desconectado!"/>
<phrase i="4043" t="CA desconocido Aceptar&#xA;"/>
<phrase i="4044" t="¡Operación cancelada!"/>
<phrase i="4045" t="Espere, por favor..."/>
<phrase i="4046" t="¿Conectar a la VPN al Iniciar?"/>
<phrase i="4047" t="Servidor VPN"/>
<phrase i="4048" t="ID de usuario"/>
<phrase i="4049" t="Grupo túnel"/>
<phrase i="4050" t="Conectado a VPN"/>
<phrase i="4051" t="DNS 1"/>
<phrase i="4052" t="DNS 2"/>
<phrase i="4053" t="Duración"/>
<phrase i="4054" t="Bytes Enviados"/>
<phrase i="4055" t="Bytes Recibidos"/>
<phrase i="4056" t="Razón de Última Falla"/>
<phrase i="4057" t="Por favor configure el servidor VPN primero"/>
<phrase i="4058" t="Teléfono conectado al servidor VPN"/>
<phrase i="4059" t="Por favor cuelgue el teléfono antes de conectar la VPN al servidor"/>
<phrase i="4060" t="Teléfono no conectado al servidor VPN"/>
<phrase i="4061" t="Por favor cuelgue el teléfono"/>
<phrase i="4062" t="Conectando c/CME"/>
<phrase i="4063" t="Conectando c/CME"/>
<phrase i="4064" t="Registrando Token SPCP"/>
<phrase i="4065" t="Descarga de Timbre Falló"/>
<phrase i="4066" t="Actualizando Firmware&#xA;Por favor no desconecte"/>
<phrase i="4067" t="Actualización Exitosa&#xA;...reiniciando"/>
<phrase i="4068" t="Consulta de LDAP"/>
<phrase i="4069" t="Consulta Directorio LDAP"/>
<phrase i="4070" t="Configuración/entrada inválida,&#xA;Por favor revise su configuración/entrada"/>
<phrase i="4071" t="Error LDAP: no se puede conectar\r al servidor"/>
<phrase i="4072" t="Error LDAP: valor de la entrada\r no es válido"/>
<phrase i="4073" t="No se obtuvieron resultados"/>
<phrase i="4074" t="Resultado de Consulta LDAP"/>
<phrase i="4075" t="Solicitando directorio LVS del servidor..."/>
<phrase i="4076" t="Solicitud de dir. LDAP falló."/>
<phrase i="4077" t="Se encontraron demasiadas coincidencias,&#xA;redefina los criterios de búsqueda"/>
<phrase i="4079" t="Contestar llamadas"/>
<phrase i="4080" t="Desaparcar llamadas"/>
<phrase i="4081" t="Contestar llamadas de grupo"/>
<phrase i="4083" t="Hab. Etiq. Puerto PC VLAN"/>
<phrase i="4084" t="ID de VLAN puerto PC"/>
<phrase i="4085" t="Alerta"/>
<phrase i="4086" t="Página"/><!-- it is a system tone name for paging. -->
<phrase i="4087" t="Atrás"/><!-- This is a softkey label -->
<phrase i="4088" t="intercambio"/><!-- This is a softkey label -->
<phrase i="4089" t="Atrás"/><!-- This is a softkey label -->
<phrase i="4090" t="Edit. marc."/><!-- This is a softkey label -->
<phrase i="4091" t="Nombre"/>
<phrase i="4092" t="Buscar"/>
<phrase i="4093" t="Enviar"/><!-- This is a softkey label -->
<phrase i="4094" t="Repetición de Medios"/><!-- When local call enable the Media Loopback feaure, remote caller call local call with Media Loopback star code, local phone will do the media loopback to caller phone. -->
<phrase i="4095" t="Abajo"/><!-- This is a softkey label -->
<phrase i="4096" t="Arriba"/><!-- This is a softkey label -->
<phrase i="4097" t="Intercambio"/><!-- This is a softkey label -->
<phrase i="4098" t="Solicitando..."/>
<phrase i="4099" t="Número no válido"/>
<phrase i="4100" t="Sin línea"/>
<phrase i="4101" t="Tiempo excedido"/>
<phrase i="4102" t="Servicio No Disponible"/>
<phrase i="4103" t="Error de Red"/>
<phrase i="4104" t="Error:"/>
<phrase i="4105" t="Intentando"/>
<phrase i="4106" t="Llamada siendo reenviada"/>
<phrase i="4107" t="En fila"/>
<phrase i="4108" t="Progreso de Sesión"/>
<phrase i="4109" t="Aceptado:"/>
<phrase i="4110" t="Opción Múltiple"/>
<phrase i="4111" t="Movido Permanentemente"/>
<phrase i="4112" t="Movido Temporalmente"/>
<phrase i="4113" t="Usar Proxy"/>
<phrase i="4114" t="Servicio Alternativo"/>
<phrase i="4115" t="Solicitud no válida"/>
<phrase i="4116" t="Sin Autorización"/>
<phrase i="4117" t="Pago Requerido"/>
<phrase i="4118" t="Prohibido"/>
<phrase i="4119" t="No se encontró"/>
<phrase i="4120" t="Método No Permitido"/>
<phrase i="4121" t="No Aceptable"/>
<phrase i="4122" t="Autenticación de Proxy Requerida"/>
<phrase i="4123" t="Tiempo de Solicitud Excedido"/>
<phrase i="4124" t="Ido"/>
<phrase i="4125" t="Entidad Solicitada Muy Grande"/>
<phrase i="4126" t="Esquema URI No apoyado"/>
<phrase i="4127" t="Tipo de Medio No apoyado"/>
<phrase i="4128" t="Esquema URI No Soportado"/>
<phrase i="4129" t="Extensión Errónea"/>
<phrase i="4130" t="Extensión Requerida"/>
<phrase i="4131" t="Intervalo Muy Breve"/>
<phrase i="4132" t="Temporalmente no Disponible"/>
<phrase i="4133" t="Llamada/Transacción no Existe"/>
<phrase i="4134" t="Circuito Detectado"/>
<phrase i="4135" t="Demasiado saltos"/>
<phrase i="4136" t="Dirección Incompleta"/>
<phrase i="4137" t="Ambiguos"/>
<phrase i="4138" t="Ocupado aquí."/>
<phrase i="4139" t="Solicitud Terminada"/>
<phrase i="4140" t="No se Acepta Aquí"/>
<phrase i="4141" t="Evento Erróneo"/>
<phrase i="4142" t="Solicitud Pendiente"/>
<phrase i="4143" t="Indescifrable"/>
<phrase i="4144" t="Error del servidor interno"/>
<phrase i="4145" t="No implementado"/>
<phrase i="4146" t="Puerta equivocada"/>
<phrase i="4147" t="Servicio no está disponible"/>
<phrase i="4148" t="Tiempo Excedido del Servidor"/>
<phrase i="4149" t="Versión SIP no soportado"/>
<phrase i="4150" t="Mensaje Muy Grande"/>
<phrase i="4151" t="Ocupado en Todos Lados"/>
<phrase i="4152" t="RECHAZAR"/>
<phrase i="4153" t="No existe en ningún lado"/>
<phrase i="4154" t="Error de la Capa de Transporte"/>
<phrase i="4155" t="Tiempo"/>
<phrase i="4156" t="Bloquear"/>
<phrase i="4157" t="Teléfono"/>
<phrase i="4158" t="FechaHora"/>
<phrase i="4159" t="Imagen de Fondo"/>
<phrase i="4160" t="Noticias Financieras"/>
<phrase i="4161" t="Tiempo de Transacción Excedido"/>
<phrase i="4162" t="No se encontró ruta"/>
<phrase i="4163" t="No Disponible Temporalmente"/>
<phrase i="4164" t="Solicitud Cancelada"/>
<phrase i="4165" t="Servidor Muy Ocupado"/>
<phrase i="4166" t="Ancho de Banda para Medios Insuficiente"/>
<phrase i="4200" t="Error 404 no encontrado"/>
<phrase i="4201" t="Agregar a Entrada Personal"/>
<phrase i="4202" t="Búsqueda avanzada"/>
<phrase i="4203" t="Respta"/>
<phrase i="4204" t="resp."/>
<phrase i="4205" t="Solicitud de directorio Broadsoft falló"/>
<phrase i="4206" t="Directorio Broadsoft"/>
<phrase i="4207" t="Broadsoft: Solicitud cancelada por usuario"/>
<phrase i="4208" t="Config. control llamadas"/>
<phrase i="4209" t="Directorio CME"/>
<phrase i="4210" t="Departamento "/>
<phrase i="4211" t="Opción DHCP a usar"/>
<phrase i="4212" t="Opciones resinc. DHCP"/>
<phrase i="4213" t="Correo electrónico: "/>
<phrase i="4214" t="Detalle de entrada"/>
<phrase i="4215" t="Error: entrada vacía o no válida"/>
<phrase i="4216" t="Ext 10"/>
<phrase i="4217" t="Ext 11"/>
<phrase i="4218" t="Ext 12"/>
<phrase i="4219" t="Ext 7"/>
<phrase i="4220" t="Ext 8"/>
<phrase i="4221" t="Ext 9"/>
<phrase i="4222" t="Extensión "/>
<phrase i="4223" t="Primero "/>
<phrase i="4224" t="Flash"/>
<phrase i="4225" t="Forzar G722"/>
<phrase i="4226" t="IdGrupo: "/>
<phrase i="4227" t="Solicitud HTTP Cancelada"/>
<phrase i="4228" t="Solicitud HTTP Falló"/>
<phrase i="4229" t="Ignorar"/>
<phrase i="4230" t="ignorar"/>
<phrase i="4231" t="Sistema clave de aut.desc."/>
<phrase i="4232" t="Dir. IP de sist. clave"/>
<phrase i="4233" t="Último "/>
<phrase i="4234" t="Error LDAP: no se puede conectar\r al servidor"/>
<phrase i="4235" t="Tecla línea 10"/>
<phrase i="4236" t="Tecla línea 11"/>
<phrase i="4237" t="Tecla línea 12"/>
<phrase i="4238" t="Tecla línea 7"/>
<phrase i="4239" t="Tecla línea 8"/>
<phrase i="4240" t="Tecla línea 9"/>
<phrase i="4241" t="Móvil "/>
<phrase i="4242" t="Nombre: "/>
<phrase i="4243" t="No se obtuvieron resultados&#xA;"/>
<phrase i="4244" t="none&quot;tftp&quot;http&quot;https"/>
<phrase i="4245" t="Número "/>
<phrase i="4246" t="Número de teléfono"/>
<phrase i="4247" t="Preferir G722"/>
<phrase i="4248" t="PrvHld"/>
<phrase i="4249" t="prvHld"/>
<phrase i="4250" t="psk1"/>
<phrase i="4251" t="psk2"/>
<phrase i="4252" t="psk3"/>
<phrase i="4253" t="psk4"/>
<phrase i="4254" t="psk5"/>
<phrase i="4255" t="psk6"/>
<phrase i="4256" t="Consulta de directorio BS"/>
<phrase i="4257" t="Solicitando directorio LVS del servidor..."/>
<phrase i="4258" t="Señalando Protocolo"/>
<phrase i="4259" t="Búsqueda simple"/>
<phrase i="4260" t="SIP&quot;SPCP"/>
<phrase i="4262" t="Modelo SPA5X5"/>
<phrase i="4263" t="Detección automática SPCP"/>
<phrase i="4264" t="toCdir"/>
<phrase i="4265" t="Demasiadas entradas&#xA;"/>
<phrase i="4266" t="Muchas entradas personales&#xA;"/>
<phrase i="4267" t="Protocolo de transporte"/>
<phrase i="4268" t="Tratando de Salir.&#xA;Por favor espere..."/>
<phrase i="4269" t="IdUsuario: "/>
<phrase i="4270" t="Error de formato XML o aplicación no válida"/>
<phrase i="4271" t="Servicios de XML"/>
<phrase i="4272" t="Por"/>
<phrase i="4273" t="Nombre Par"/>
<phrase i="4274" t="Ph Par"/>
<phrase i="4275" t="Teléfono Par"/>
<phrase i="4276" t="Primero"/>
<phrase i="4277" t="finLlamada"/><!-- This is a softkey label -->
<phrase i="4278" t="nuevaLlamada"/><!-- This is a softkey label -->
<phrase i="4279" t="Grave profundo"/>
<phrase i="4280" t="Nueva entrada"/>
<phrase i="4281" t="Buscar en directorio"/>
<phrase i="12000" t="Aplicación:"/>
<phrase i="12001" t="Dirección IP no válida"/>
<phrase i="12002" t="Seleccionar Línea..."/>
<phrase i="12003" t="Seleccionar Timbre..."/>
<phrase i="12004" t="¡Se requiere Autorización!"/>
<phrase i="12005" t="CM-ICMP-No alcanzable"/>
<phrase i="12006" t="Corrección(\202H:m:s):"/>
<phrase i="12007" t="Registrando..."/>
<phrase i="12008" t="STUN Entrada"/>
<phrase i="12009" t="Administrador ID de VLAN"/>
<phrase i="12010" t="TFTP alterno"/>
<phrase i="12011" t="Admin Llamada 1"/>
<phrase i="12012" t="Router Predeter 1"/>
<phrase i="12013" t="DHCP&quot;IP Estática"/>
<phrase i="12014" t="Servidor TFTP 1"/>
<phrase i="12015" t="Acceso Web Habilitado"/>
<phrase i="12016" t="Tiempo transcurrido"/>
<phrase i="12017" t="Rcv"/>
<phrase i="12018" t="Versión"/>
<phrase i="12019" t="Xmt"/>
<phrase i="12020" t="Conectando..."/>
<phrase i="12021" t="Actualización Exitosa"/>
<phrase i="12022" t="LlamadaPerdida"/>
<phrase i="12023" t="¡Archivo de Timbre No Disponible!"/>
<phrase i="12024" t="tones.xml"/>
<phrase i="12025" t="Registro Rechazado:&#xA;%s"/>
<phrase i="12026" t="Se rechazó el token de registro SPCP. [%d]&#xA;...volver a intentar"/>
<phrase i="12027" t="Error: Cannot find UC500.&#xA;Contact your administrator"/>
<phrase i="12028" t="10 s"/>
<phrase i="12029" t="20 s"/>
<phrase i="12030" t="30 s"/>
<phrase i="12031" t="Descargando&#xA;%s"/>
<phrase i="12032" t="(Sin resultados)"/>
<phrase i="12033" t="Un Nuevo Nombre"/>
<phrase i="12034" t="Último servidor TFTP"/>
<phrase i="12035" t="SIP&quot;SPCP"/>
<phrase i="12036" t="Pruebe la BMP:"/>
<phrase i="12037" t="Rumano"/>
<phrase i="12038" t="Grave profundo"/>
<phrase i="12039" t="Palabra clave"/>
<phrase i="12040" t="Resultados"/>
<phrase i="12041" t="Resultado"/>
<phrase i="12043" t="¿Finalizar sesión?"/>
<phrase i="12044" t="Seleccionar número"/>
<phrase i="12045" t="Retener"/>
<phrase i="12046" t="Número restringido"/>
<phrase i="12047" t="¡Fuera de rango!"/>
<phrase i="12048" t="Buscar"/>
<phrase i="12049" t="Serv. web para grabar"/>
<phrase i="12050" t="Español (México)"/>
<phrase i="12051" t="No puede recuperar correos de voz durante una llamada"/>
<phrase i="12052" t="Dirección de servidor equivocada"/>
<phrase i="12053" t="Falló la conexión con la red"/>
<phrase i="12054" t="Error de formato de correo de voz"/>
<phrase i="12055" t="Petición falló"/>
<phrase i="12056" t="Por favor Edite:"/>
<phrase i="12057" t="Obj Transf Ciega."/>
<phrase i="12058" t="forzar"/>
<phrase i="12059" t="(Sin llamadas timbr)"/>
<phrase i="12060" t="Aviso Llam Perdida"/>
<phrase i="12061" t="Forzar"/>
<phrase i="12062" t="libre"/>
<phrase i="12063" t="atascado"/>
<phrase i="12064" t="en proceso"/>
<phrase i="12065" t="alertando"/>
<phrase i="12066" t="en espera-privada"/>
<phrase i="12067" t="activo"/>
<phrase i="12068" t="en espera"/>
<phrase i="12069" t="puente-activo"/>
<phrase i="12070" t="puente-en espera"/>
<phrase i="12071" t="timbrando"/>
<phrase i="12072" t="en uso"/>
<phrase i="12073" t="otro timbre"/>
<phrase i="12074" t="otro espera"/>
<phrase i="12075" t="sin servicio"/>
<phrase i="12076" t="otro-libre"/>
<phrase i="12077" t="reservado"/>
<phrase i="12078" t="Sin configurar"/>
<phrase i="12079" t="Validar Actualización URL&#xA;Por favor no desconectar energía"/>
<phrase i="12080" t="Re-sinc en Proceso"/>
<phrase i="12081" t="Re-sinc Exitoso"/>
<phrase i="12082" t="Re-sinc Exitoso. &#xA;Teléfono reiniciará"/>
<phrase i="12083" t="Por favor espere"/>
<phrase i="12084" t="Inglés-US"/>
<phrase i="12085" t="Puente de Conferencia"/>
<phrase i="12086" t="Anónima"/>
<phrase i="12087" t="reiniciar"/>
<phrase i="12088" t="compartido"/>
<phrase i="12089" t="conectado"/>
<phrase i="12090" t="agrg a dir"/>
<phrase i="12091" t="en espera"/>
<phrase i="12092" t="inválido"/>
<phrase i="12093" t="reaunudar"/>
<phrase i="12094" t="llamando"/>
<phrase i="12095" t="descolgar"/>
<phrase i="12096" t="Velocidad de Marcado Personal"/>
<phrase i="12097" t="Transf Lista de Llamadas"/>
<phrase i="12098" t="Lista Llamadas de Conferencia"/>
<phrase i="12099" t="versión"/>
<phrase i="12100" t="Empresa&quot;Grupo&quot;Personal"/>
<phrase i="12101" t="Dir. Nombre"/>
<phrase i="12102" t="Servidor de host"/>
<phrase i="12103" t="Via"/>
<phrase i="12104" t="Establecer estado de agente"/>
<phrase i="12105" t="Disponible"/>
<phrase i="12106" t="Historial de reinicios"/>
<phrase i="12107" t="Predeterminado&quot;HiDef&quot;Estándar"/>
<phrase i="12108" t="Retraso de arranque de red"/>
<phrase i="12109" t="Tono de llamada en espera distinto"/>
<phrase i="12110" t="Habilitar LLDP-MED"/>
<phrase i="12111" t="Registro rechazado:&#xA;%s"/>
<phrase i="12112" t="Error: Registro falló.&#xA;Contacte a su administrador..."/>
<phrase i="12113" t="Error de red detectado."/>
<phrase i="12114" t="Registrando..."/>
<phrase i="12115" t="Error de red."/>
<phrase i="12116" t="Contraseña"/>
<phrase i="12117" t="Re-sinc Exitoso. &#xA;Teléfono reiniciará."/>
<phrase i="12118" t="Versión teléfono"/>
<phrase i="12119" t="Auto&quot;Original&quot;v3"/>
<phrase i="12120" t="DHCP falló"/>
<phrase i="12121" t="Actualizar"/>
<phrase i="12122" t="Suministro"/>
<phrase i="12123" t="Usuario activado"/>
<phrase i="12124" t="SIP activado"/>
<phrase i="12125" t="Error del sistema"/>
<phrase i="12126" t="Enlace inactivo"/>
<phrase i="12127" t="Sistema 1"/>
<phrase i="12128" t="Sistema 2"/>
<phrase i="12129" t="IP duplicada"/>
<phrase i="12130" t="IP de respaldo"/>
<phrase i="12131" t="Sistema 3"/>
<phrase i="12132" t="Sistema 4"/>
<phrase i="12133" t="Sistema 5"/>
<phrase i="12134" t="Sistema 6"/>
<phrase i="12135" t="Sistema 7"/>
<phrase i="12136" t="SIP activado"/>
<phrase i="12137" t="Descarga de dict."/>
<phrase i="12138" t="VLAN cambió"/>
<phrase i="12139" t="RC"/>
<phrase i="12140" t="Restablecim. de fábrica"/>
<phrase i="12141" t="Req. de software"/>
<phrase i="12142" t="IP cambió"/>
<phrase i="12143" t="Introducir código de cuenta"/>
<phrase i="12144" t="Introducir número externo"/>
<phrase i="12145" t="Directorio interno"/>
<phrase i="12146" t="Directorio externo"/>
<phrase i="12147" t="Directorio de grupos"/>
<phrase i="12148" t="Directorio de estaciones"/>
<phrase i="12149" t="Música externa"/>
<phrase i="12150" t="Grupo de páginas 1"/>
<phrase i="12151" t="Grupo de páginas 2"/>
<phrase i="12152" t="Grupo de páginas 3"/>
<phrase i="12153" t="Grupo de páginas 4"/>
<phrase i="12154" t="Grupo de páginas 5"/>
<phrase i="12155" t="Página externa"/>
<phrase i="12156" t="Ejemplo de llamada"/>
<phrase i="12157" t="BLF"/>
<phrase i="12158" t="Modo llamada noct. Sistema"/>
<phrase i="12159" t="La llamada está siendo retenida"/>
<phrase i="12160" t="Duplicación de puerto"/>
<phrase i="12161" t="¡Fuera del rango!"/>
<phrase i="12162" t="Servicio XML"/>
<phrase i="12163" t="hebreo"/>
<phrase i="12164" t="Llamar cuando el vehículo está estacionado"/>
<phrase i="12165" t="Línea"/>
<phrase i="12166" t="Seleccione entre LTR o RTL,&#xA; el ingreso de texto previo será &#xA; borrado, ¿desea continuar?"/>
<phrase i="12167" t="Tamaño de fuente"/>
<phrase i="12168" t="Pref. consola operadora"/><!--maneas Attendant Console Preferences-->
<phrase i="12169" t="Def. vel. de discado – Línea %d"/><!--Def. means define-->
<phrase i="12170" t="Def. vel. de discado - Botón %d"/><!--Def. means define-->
<phrase i="12171" t="det. de llamada"/>
<phrase i="12172" t="Esperando el ingreso de más dígitos..&#xA; Al finalizar, presione OK para continuar."/>
<phrase i="12173" t="Pulso"/>
<phrase i="12174" t="elimTodo"/>
<phrase i="12175" t="elimList"/>
<phrase i="12176" t="¿Desea borrar todos los récords?"/>
<phrase i="12177" t="Modo de visualización"/> <!-- 7.5.5 start -->
<phrase i="12178" t="Ext"/>
<phrase i="12179" t="Ambos"/> <!-- 7.5.5 end -->
<phrase i="12180" t="Configuración Wi-Fi"/> <!-- 7.5.6 start -->
<phrase i="12181" t="No se encontró disp Wi-Fi."/>
<phrase i="12182" t="Perfil inalámbrico"/>
<phrase i="12183" t="Config. Wi-Fi protegida"/>
<phrase i="12184" t="Estado inal."/>
<phrase i="12185" t="Configuración básica"/>
<phrase i="12186" t="Modo segur."/>
<phrase i="12187" t="Configuración de cifrado"/>
<phrase i="12188" t="SSID"/>
<phrase i="12189" t="Banda"/>
<phrase i="12190" t="Cifrado WPA"/>
<phrase i="12191" t="Formato de clave compartida"/>
<phrase i="12192" t="Clave WPA"/>
<phrase i="12193" t="Tipo de autenticación WEP"/>
<phrase i="12194" t="Tamaño clave WEP"/>
<phrase i="12195" t="Clave WEP"/>
<phrase i="12196" t="Perfil"/>
<phrase i="12197" t="Configuración de PIN"/>
<phrase i="12198" t="¡La configuración inalámbrica del PIN comenzó!"/>
<!--phrase i="12199" t="Si disp. requieren un PIN, introduzca el siguiente número: [%s] y luego selec. este modo."/-->
<phrase i="12200" t="Escaneando la conexión inalámbrica..."/>
<phrase i="12201" t="Selec. un perfil"/>
<phrase i="12202" t="Config. de presionado de botón"/>
<phrase i="12203" t="Comienza la configuración inalámbrica del pulsador"/>
<phrase i="12204" t="Config. Wi-Fi protegida"/>
<phrase i="12205" t="Estado inal."/>
<phrase i="12206" t="Nombre de red (SSID)"/>
<phrase i="12207" t="Intensidad señal"/>
<phrase i="12208" t="Escanear"/>
<phrase i="12209" t="Necesita actualizar el firmware WBPN a la última versión para usar esta función."/>
<phrase i="12210" t="Inicio de sesión invitado"/>
<phrase i="12211" t="gstIn"/>
<phrase i="12212" t="gstOut"/>
<phrase i="12213" t="(Invitado conectado)"/> 
<phrase i="12214" t="Todos los parámetros serán reseteados a los valores de fábrica. ¿Continuar?"/><!-- 7.5.6 end -->

<!-- HEBREW KEYMAP START Needn't translate-->
<phrase i="12399" t=" 1 "/>
<phrase i="12400" t=" a b c á "/>
<phrase i="12401" t=" d e f é "/>
<phrase i="12402" t=" g h i í "/>
<phrase i="12403" t=" j k l "/>
<phrase i="12404" t=" m n ñ o ó "/>
<phrase i="12405" t=" p q r s "/>
<phrase i="12406" t=" t u v ú "/>
<phrase i="12407" t=" w x y z "/>
<phrase i="12408" t="   0 "/>
<!-- HEBREW KEYMAP END Needn't translate-->
</phrases>
