<?xml version="1.0" encoding="UTF-8"?>
<phrases>
<trkLocaleName>Spanish-Mexico</trkLocaleName>
<trkBaseClearcaseVersion></trkBaseClearcaseVersion>
<trkTranslationVersion></trkTranslationVersion>

<!-- #############  #SCCP BOOT message  #############-->
<phrase i="L_S_INIT" t="Inicio del sistema...."/>
<phrase i="L_S_NET" t="Iniciando Red..."/>
<phrase i="L_S_DOWNLOAD" t="Descargando"/>
<phrase i="L_S_UPGRADE" t="Actualización a"/>
<phrase i="L_S_UPGRADEFAILED" t="Actualización falló."/>
<phrase i="L_S_RESYNC" t="Resincronizando a"/>
<phrase i="L_S_RESYNCFAILED" t="Resincronización falló."/>
<phrase i="L_S_CONNECT" t="Conectándose"/>
<phrase i="L_S_NOCME" t="Error: no se puede encontrar UCxxx. Contacte a su administrador."/>
<phrase i="L_S_REGTOKENREJECT" t="Se rechazó el token de registro SPCP. Intentar de nuevo"/>
<phrase i="L_S_REGISTERING" t="Registrando..."/>
<phrase i="L_S_REGISTERED" t="Registro se completó."/>
<phrase i="L_S_REGREJECT" t="Registro rechazado."/>
<phrase i="L_S_REGFAILED" t="Registro falló."/>

<!-- #############  #dial screen  #############-->
<phrase i="L_DS_ENTERNUMBER" t="Introducir número"/>
<phrase i="L_DS_ENTER_CFWDALL" t="Introducir núm. Reenvío todas llamadas"/>
<phrase i="L_DS_ENTER_CFWDBUSY" t="Introducir CFWD número ocupado"/>
<phrase i="L_DS_ENTER_NOANS" t="Introducir CFWD núm. no contestado"/>
<phrase i="L_DS_ENTER_BXFER" t="Introducir destino de transfer. oculto"/>
<phrase i="L_DS_ENTER_PARK" t="Introducir núm. para aparcar"/>
<phrase i="L_DS_ENTER_UNPARK" t="Introducir núme. para no aparcar"/>
<phrase i="L_DS_ENTER_REFERRAL" t="Introducir dest de serv. de ref."/>
<phrase i="L_DS_ENTER_SPECIAL" t="Introducir dest de serv. de ref."/>
<phrase i="L_DS_ENTER_MORE" t="Introducir más núms."/>
<phrase i="L_DS_ENTER_PICKUP" t="Ingrese No. de Selección"/>
<phrase i="L_DS_ENTER_PICKUPGROUP" t="Ingrese Grupo de Selección"/>
<phrase i="L_DS_ENTER_PAGE" t="Introducir pág. de destino"/>
<phrase i="L_DS_ENTER_OUTSIDENUMBER" t="Introducir número externo"/>
<phrase i="L_DS_ENTER_ACCOUNTCODE" t="Introducir código de cuenta"/>

<!-- #############  #call screen #############-->
<phrase i="L_CAPPN_LINE" t="Línea"/>
<phrase i="L_READY" t="Listo"/>
<phrase i="L_CAPPN_UNREGISTERED" t="No registrado"/>
<phrase i="L_CAPPN_DISABLED" t="Deshabilitado"/>
<phrase i="L_CAPPN_SPEEDDIAL" t="Marcado rápido"/>
<phrase i="L_CAPPN_APP" t="Aplicación"/>
<phrase i="L_CAPPN_URL" t="URL de servicios"/>
<phrase i="L_CAPPN_FEAT" t="Característica"/>
<phrase i="L_CAPPN_EXTFUNC" t="Función extendida"/>
<phrase i="L_CAPPN_HOTELING_GUESTIN" t="Hoteling invitado listo"/>
<phrase i="CALL_RINGING" t="Sonando"/>
<phrase i="L_CONNECTED" t="Conectado"/>
<phrase i="L_NOT_CONNECTED" t="No conectado"/>
<phrase i="L_OK" t="Aceptar"/>
<phrase i="L_DUPLICATED" t="Duplicado"/>
<phrase i="CALL_HOLDING" t="En espera"/>
<phrase i="CALL_END" t="Llamada finalizó"/>
<phrase i="CALL_CALLING" t="Llamando"/>
<phrase i="CALL_SEIZED" t="Capturada"/>
<phrase i="CALL_TRYING_TO_HOLD" t="Tratando de poner en espera"/>
<phrase i="CALL_DIALING" t="Marcando"/>
<phrase i="CALL_TRYING_TO_RESUME" t="Tratando de reanudar"/>
<phrase i="CALL_SHARE" t="Compartir llamada"/>
<phrase i="CALL_PAGE" t="Página"/>
<phrase i="CALL_PICKUP" t="Captura de llamadas"/>
<phrase i="CALL_PICKUPCALL" t="Capturar llamada"/>
<phrase i="CALL_PICKUPFAILED" t="Error al capturar llamada"/>
<phrase i="CALL_PICKUP_NULL" t="No hay llamadas"/>
<phrase i="CALL_GPICKUP" t="Captura de llamadas de grupo"/>
<phrase i="CALL_GPICKUPSTATION" t="Estación de captura"/>
<phrase i="CALL_ANSWERING" t="Contestando"/>
<phrase i="CALL_UNKNOWN" t="Desconocido"/>
<phrase i="CALL_ANONYMOUS" t="Anónimo"/>
<phrase i="CALL_USER" t="Usuario"/>
<phrase i="CALL_IDLE" t="Inactivo"/>
<phrase i="CALL_PROGRESSING" t="En curso"/>
<phrase i="CALL_ALERT" t="Alertando"/>
<phrase i="CALL_ACTIVE" t="Activo"/>
<phrase i="CALL_HELD" t="Retenida"/>
<phrase i="CALL_BRIDGE_ACTIVE" t="Puente activo"/>
<phrase i="CALL_BRIDGE_HELD" t="Puente retenido"/>
<phrase i="CALL_FROM" t="De"/>
<phrase i="CALL_TO" t="A"/>
<phrase i="CALL_CALLBACK" t="Devolver llamada"/>
<phrase i="CALL_FORWARD" t="Reenviar"/>
<phrase i="CALL_XFERTO" t="Transferir a"/>
<phrase i="CALL_PAGEFROM" t="Localizar desde"/>
<phrase i="CALL_PAGETO" t="Localizar a"/>
<phrase i="CALL_BY" t="Por"/>
<phrase i="CALL_CALLER" t="Autor de la llamada"/>
<phrase i="CALL_BUSY" t="Ocupado"/>
<phrase i="CALL_CONGESTION" t="Congestión"/>
<phrase i="CALL_PROCEED" t="Continuar"/>
<phrase i="CALL_RML" t="Multilínea remota en uso"/>
<phrase i="CALL_INVALIDNUM" t="Número no válido"/>
<phrase i="CALL_INVALID" t="No válido"/>
<phrase i="L_GATHERINFO" t="Recopilando información..."/>
<phrase i="L_FAILED" t="Error"/>
<phrase i="L_Empty" t="Vacío"/>
<phrase i="L_DND" t="No molestar"/>
<phrase i="L_CFWD" t="Desvío de Llamadas"/>
<phrase i="L_CFWDTO" t="Desviar llamada a"/>
<phrase i="L_MissedCall" t="Nueva llamada perdida"/>
<phrase i="L_MissedCalls" t="Nuevas llamadas perdidas"/>
<phrase i="L_RingCallList" t="Lista de llamadas recibidas"/>
<phrase i="L_RingStationList" t="Lista de estaciones de llamadas"/>
<phrase i="L_SECS_INVALID_PARKINGLOT" t="Núm. de aparcamiento no válido.\r Introducir de nuevo."/>
<phrase i="L_SECS_LOGIN_OK" t="Inicio de sesión correcto."/>
<phrase i="L_SECS_LOGIN_FAILED" t="Error al iniciar sesión. \rVerifique su ID de usuario \ry contraseña."/>
<phrase i="L_SECS_ACD_AVAIL_FAILED" t="Error al actualizar disponibilidad de ACD."/>
<phrase i="L_SECS_ACD_AVAIL_OK" t="Actualización de disponibilidad de ACD correcta."/>
<phrase i="L_SECS_ACD_PROGRESS" t="Comunicándose con servidor ACD...."/>
<phrase i="L_SECS_ACD_LOGIN_WARNING" t="Introducir ID de usuario y contraseña."/>
<phrase i="L_SECS_HOTELING_PROGRESS" t="Comunicándose con servidor STUN"/>
<phrase i="L_SECS_HOTELING_OK" t="Inicio de sesión hoteling exitoso."/>
<phrase i="L_SECS_HOTELING_FAILED" t="Error en inicio de sesión hoteling."/>
<phrase i="L_ACD_LoginForm" t="Formulario de inicio de sesión ACD"/>
<phrase i="L_TRANSFERRING" t="Transfiriendo"/>
<phrase i="L_XFERFAILED" t="Error al transferir"/>
<phrase i="L_LineSeizing" t="Tratando de capturar línea"/>
<phrase i="L_GatheringCallInfo" t="Recopilando información de llamada"/>
<phrase i="L_SelectingCall" t="Seleccionando llamada"/>
<phrase i="L_SelectingStation" t="Seleccionando estación"/>
<phrase i="L_ContactingStunServer" t="Comunicándose con servidor STUN"/>
<phrase i="L_CalledPartyRinging" t="Llamando a número marcado"/>
<phrase i="L_TryingHold" t="Tratando de poner en espera"/>
<phrase i="L_TringResume" t="Tratando de reanudar"/>
<phrase i="L_StunIn" t="STUN aceptado"/>
<phrase i="L_Shared" t="Compartido"/>
<phrase i="L_Conference" t="Conferencia"/>
<phrase i="L_SecureCallIndication" t="Indicación de llamada segura"/>
<phrase i="L_SystemBeep" t="Tono del sistema"/>
<phrase i="L_2ndDial" t="Segunda marcación"/>
<phrase i="L_OutsideDial" t="Marcar número externo"/>
<phrase i="L_BluetoothDial" t="Marcar a Bluetooth"/>
<phrase i="L_MessageWaiting" t="Mensajes en espera"/>
<phrase i="L_RingBack" t="Devolver llamada"/>
<phrase i="L_OffhookWarning" t="Advertencia: teléf. descolgado"/>
<phrase i="L_Ring" t="Timbre"/>
<phrase i="L_Alert" t="Alerta"/>
<phrase i="L_Ring_hold" t="Timbre de espera"/>
<phrase i="L_Ring_Callback" t="Timbre de devolución de llamada"/>
<phrase i="L_Inbound" t="Entrante"/>
<phrase i="L_Outbound" t="Saliente"/>
<phrase i="L_Forwarded" t="Reenviada"/>
<phrase i="L_Transfered" t="Transferida"/>
<phrase i="L_Secure" t="Segura"/>
<phrase i="L_CallsList" t="Lista de llamadas"/>
<phrase i="L_InvalidAcntCode" t="Código de cuenta no válido"/>
<phrase i="L_ServiceUnavailable" t="El servicio no está disponible"/>
<phrase i="L_Avail" t="Disponible"/>
<phrase i="L_Unavail" t="No disponible"/>
<phrase i="L_Wrap" t="Finalizar"/>
<phrase i="L_Via" t="Via"/>
<phrase i="L_CALL_DTMF_WAIT" t="Esperando entradas digitales...\rAl finalizar, presione OK."/>
<phrase i="L_CALL_PARKED" t="La llamada está siendo retenida"/>
<phrase i="L_TO" t="a"/>
<phrase i="L_Hoteling_LoginForm" t="Formulario inicio de sesión hoteling"/>

<!-- #############  #Phone booth related  #############-->
<phrase i="CALL_OTHERINUSE" t="En uso"/>
<phrase i="CALL_OTHERRESERVED" t="Reservado"/>
<phrase i="CALL_OTHERIDLE" t="Otra inactiva"/>
<phrase i="CALL_OTHERNOSERV" t="Sin servicio"/>
<phrase i="CALL_OTHERHOLD" t="Otra en espera"/>
<phrase i="CALL_OTHERRING" t="Otra sonando"/>

<!-- #############  #sts call history  #############-->
<phrase i="T_AB_STSCH_ENTRY" t="Estadísticas de llamadas"/>
<phrase i="T_AB_STSCH_LIST" t="Estadísticas de llamadas"/>
<phrase i="L_Name" t="Nombre"/>
<phrase i="L_WorkPhone" t="Núm. trabajo"/>
<phrase i="L_HomePhone" t="Número casa"/>
<phrase i="L_MobilePhone" t="Núm. celular"/>
<phrase i="L_RingTone" t="Tono"/>
<phrase i="L_AT" t="en"/>
<phrase i="L_PeerName" t="Nombre de interlocutor"/>
<phrase i="L_PeerNumber" t="Núm recept"/>
<phrase i="L_CallType" t="Tipo de llam"/>
<phrase i="L_CallDuration" t="Tiempo llam"/>
<phrase i="L_EncCodec" t="Enc Codec"/>
<phrase i="L_DecCodec" t="Dec Codec"/>
<phrase i="L_CallTime" t="Hora de llam"/>
<phrase i="L_CallID" t="ID de llamada"/>

<!-- #############  # call park  #############-->
<phrase i="L_CParkStatus" t="Estado de llamadas aparcadas"/>
<phrase i="T_AB_CALLPARK_LIST" t="Lista de llamadas aparcadas"/>
<phrase i="L_ParkingAt" t="Aparcar en"/>
<phrase i="L_ParkingBy" t="Aparcado por"/>
<phrase i="CPARK_PROGRESSING" t="Obteniendo estado de aparcamiento...."/>
<phrase i="CPARK_FAILED" t="Error al solicitar estado de aparcamiento"/>
<phrase i="CPARK_EMPTY" t="No hay llamadas aparcadas"/>

<!-- #############  #starcode page #############-->
<phrase i="StarCodeSelection" t="Selección del código de asterisco"/>
<phrase i="callReturnCode" t="Devolución de llamada"/>
<phrase i="blindXferCode" t="Transferencia oculta"/>
<phrase i="callBackActCode" t="Devolver llamada"/>
<phrase i="callBackDeactCode" t="Cancel. devolución de llamada"/>
<phrase i="forwardAllActCode" t="Reenviar todas las llamadas"/>
<phrase i="forwardAllDeactCode" t="Cancelar reenvío de llamada"/>
<phrase i="forwardBusyActCode" t="Reenvr llamad si ocupad"/>
<phrase i="forwardBusyDeactCode" t="Cancelr reenvío si ocupad"/>
<phrase i="forwardNoAnsActCode" t="Reenvr llamad si no ha resp"/>
<phrase i="forwardNoAnsDeactCode" t="Cancelr reenvío si no ha resp"/>
<phrase i="blockCIDActCode" t="Bloquear CID"/>
<phrase i="blockCIDDeactCode" t="Cancelar bloqueo a CID"/>
<phrase i="blockCIDPerCallActCode" t="Bloquear CID siguiente"/>
<phrase i="blockCIDPerCallDeactCode" t="Cancelr bloqueo CID sig"/>
<phrase i="blockANCode" t="Bloquear llamadas anónimas"/>
<phrase i="blockANCDeactCode" t="Cancelr bloqueo llama anónim"/>
<phrase i="DNDActCode" t="No molestar"/>
<phrase i="DNDDeactCode" t="Cancelr funci No molestr"/>
<phrase i="CIDActCode" t="Identificador de llamadas"/>
<phrase i="CIDDeactCode" t="Cancelr identific de llamad"/>
<phrase i="secureAllActCode" t="Proteger todas las llamadas"/>
<phrase i="secureAllDeactCode" t="Cancelr protecc todas llamads"/>
<phrase i="secureOneCallActCode" t="Proteger siguiente"/>
<phrase i="secureOneCallDeactCode" t="Cancelar proteger siguiente"/>
<phrase i="pagingCode" t="Localizando"/>
<phrase i="callParkCode" t="Aparcar llamadas"/>
<phrase i="callUnparkCode" t="No aparcar llamadas"/>
<phrase i="callPickupCode" t="Captura de llamadas"/>
<phrase i="groupCallPickupCode" t="Captura de llamadas de grupo"/>
<phrase i="mediaLoopBackCode" t="Bucle invertido de medios"/>
<phrase i="preferG711uCode" t="Preferir G711U"/>
<phrase i="forceG711uCode" t="Forzar G711U"/>
<phrase i="preferG711aCode" t="Preferir G711A"/>
<phrase i="forceG711aCode" t="Forzar G711A"/>
<phrase i="preferG723Code" t="Preferir G723"/>
<phrase i="forceG723Code" t="Forzar G723"/>
<phrase i="preferG726r16Code" t="Preferir G726r16"/>
<phrase i="forceG726r16Code" t="Forzar G726r16"/>
<phrase i="preferG726r24Code" t="Preferir G726r24"/>
<phrase i="forceG726r24Code" t="Forzar G726r24"/>
<phrase i="preferG726r32Code" t="Preferir G726r32"/>
<phrase i="forceG726r32Code" t="Forzar G726r32"/>
<phrase i="preferG726r40Code" t="Preferir G726r40"/>
<phrase i="forceG726r40Code" t="Forzar G726r40"/>
<phrase i="preferG729aCode" t="Preferir G729A"/>
<phrase i="forceG729aCode" t="Forzar G729A"/>
<phrase i="preferG722Code" t="Preferir G722"/>
<phrase i="forceG722Code" t="Forzar G722"/>
<phrase i="preferL16Code" t="Preferir L16"/>
<phrase i="forceL16Code" t="Forzar L16"/>
<phrase i="preferiLBCCode" t="Preferir iLBC"/>
<phrase i="forceiLBCCode" t="Forzar iLBC"/>

<!-- #############  #status page #############-->
<phrase i="L_UpTime" t="Tiempo transcurrido"/>
<!-- for up time: ex 1 day and 11:10:30 or 3 days and 03:01:01-->
<phrase i="L_DAY_AND" t="día y"/> 
<phrase i="L_DAYS_AND" t="días y"/>
<phrase i="L_Packets" t="(Paquetes)"/>
<phrase i="L_Registered" t="Registrado"/>
<phrase i="L_notRegistered" t="No registrado"/>
<phrase i="L_notReachable" t="No disponible"/>
<phrase i="L_Authenticate" t="Autenticar"/>
<phrase i="L_Succeeded" t="Correcto"/>
<phrase i="L_Error" t="Error"/>
<phrase i="L_LastRegAt" t="Último registro en"/>
<phrase i="L_NextRegIn" t="Próximo registro en"/>
<phrase i="L_Proxy" t="Proxy"/>
<phrase i="L_Reason" t="Motivo"/>
<phrase i="L_Status" t="Estado"/>
<phrase i="L_XMLServices" t="Servicios de XML"/>
<phrase i="L_Tone" t="Tono"/>
<phrase i="L_Type" t="Tipo"/>
<phrase i="L_Number" t="Número"/>
<phrase i="L_Enc" t="Codificar"/>
<phrase i="L_Dec" t="Descodificar"/>
<phrase i="L_CALL" t="Llamar"/>
<phrase i="L_INFO" t="Información"/>
<phrase i="L_Extension" t="Extensión"/>
<phrase i="T_PHN_STATUS" t="Estado del teléfono"/>
<phrase i="T_PROV_STATUS" t="Aprovisionamiento"/>
<phrase i="T_PHN_SYS_STATUS" t="Estado del teléfono"/>
<phrase i="L_Ext1Status" t="Estado de ext. 1"/>
<phrase i="L_Ext2Status" t="Estado de ext. 2"/>
<phrase i="L_Ext3Status" t="Estado de ext. 3"/>
<phrase i="L_Ext4Status" t="Estado de ext. 4"/>
<phrase i="L_Ext5Status" t="Estado de ext. 5"/>
<phrase i="L_Line1Status" t="Estado de línea 1"/>
<phrase i="L_Line2Status" t="Estado de línea 2"/>
<phrase i="L_Line3Status" t="Estado de línea 3"/>
<phrase i="L_Line4Status" t="Estado de línea 4"/>
<phrase i="L_Line5Status" t="Estado de línea 5"/>
<phrase i="DeletePrompt" t="¿Desea borrarlo\r [%s]?"/>
<phrase i="DeleteListPrompt" t="Desea eliminar el historial de [%s]?"/>
<phrase i="DeleteAllPrompt" t="¿Desea borrar\r todos los récords?"/>
<phrase i="AddPrompt" t="Los datos introducidos están incompletos. \r ¿Desea grabarlos?"/>
<phrase i="AddNullPrompt" t="Los datos introducidos están incompletos. "/>
<phrase i="AddFullPrompt" t="La libreta de dir. está completa \rno se puede pegar la entrada."/>
<phrase i="UpdatePrompt" t="Los datos introducidos están incompletos. \r ¿Desea actualizarlos?"/>
<phrase i="ClearPrompt" t="¿Desea borrar el \r récord [%s]?"/>
<phrase i="ClearString" t="¿Desea borrar \r [%s]?"/>
<phrase i="Prompt_Logout" t="¿Desea cerrar la sesión?"/>
<phrase i="Message_Rebooting" t="Reiniciando..."/>
<phrase i="Message_FactoryReset" t="Restablecimiento de fábricante\r Reiniciando..."/>
<phrase i="Message_RebootingVoIP" t="Actualizando componente de voz..."/>
<phrase i="Message_CustomReset" t="Restablecimiento personalizado\r Reiniciando..."/>
<phrase i="All" t="Todas las llamadas"/>
<phrase i="Answered" t="Llamadas recibidas"/>
<phrase i="Outgoing" t="Llamadas realizadas"/>
<phrase i="Missed" t="Llamadas perdidas"/>
<phrase i="AnsweredCallType" t="Llamada perdida"/>
<phrase i="OutgoingCallType" t="Llamada realizada"/>
<phrase i="MissedCallType" t="Llamada perdida"/>
<phrase i="GetNews" t="Obteniendo noticias..."/>
<phrase i="GetWeather" t="Obteniendo información del clima..."/>
<phrase i="Searching" t="Buscando..."/>
<phrase i="Binding" t="Conectándose..."/>
<phrase i="CityAccessError" t="Error al obtener la información de la\r ciudad [%s]."/>
<phrase i="NewsAccessError" t="Se obtuvieron demasiados datos.\r Error al leer la información noticiosa\r de [%s]."/>
<phrase i="NewsAccessError1" t="Error al leer la información noticiosa\r de [%s]."/>
<phrase i="WeatherAccessError" t="Error al leer la información del clima\r de [%s]."/>
<phrase i="WeatherSearchError" t="Error al buscar la información de la \r ciudad.\r Revise la red o\r el valor ingresado."/>
<phrase i="WeatherDupInfo" t="La entrada que está agregando\r ya existe."/>
<phrase i="RebootPrompt" t="¿Desea reiniciar\r el sistema?"/>
<phrase i="FactoryResetPrompt" t="¿Desea realizar un restablecimiento del \r fabricante para reiniciar el sistema?"/>
<phrase i="CustomResetPrompt" t="Revise las actualizaciones al \r perfil personalizado? \r (funciona de fondo)"/>
<phrase i="FirmwareUpgradePrompt" t="¿Desea actualizar \r el sistema?"/>
<phrase i="MSG_InvalidPasswordData" t="La contraseña no es válida."/>
<phrase i="Label_Day" t="Día"/>
<phrase i="CertInstall" t="Instalado"/>
<phrase i="CertNotInstall" t="No instalado"/>
<phrase i="L_Network_Type" t="Tipo de red"/>
<phrase i="L_Network_Statistics" t="Estadísticas de la red"/>
<phrase i="L_Address_Type" t="Tipo de dirección"/>
<phrase i="L_Gateway" t="Router predeter."/>
<phrase i="L_MAC_Address" t="MAC"/>
<phrase i="T_DEVICE_INFO" t="Información del producto"/>
<phrase i="L_Product_Name" t="Nombre producto"/>
<phrase i="L_Serial_Number" t="Número de serie"/>
<phrase i="L_Software_Version" t="Versión software"/>
<phrase i="L_Hardware_Version" t="Versión hardware"/>
<phrase i="L_Certificate" t="Certificado"/>
<phrase i="L_CustomizationInfo" t="Personalización"/>
<phrase i="L_Asset_ID" t="ID de activos"/>
<phrase i="L_DHCP_Server" t="Servidor DHCP"/>
<phrase i="L_TFTP_Server_1" t="Servidor TFTP 1"/>
<phrase i="L_Last_TFTP_Server" t="Último servidor TFTP"/>
<phrase i="L_Host_Name" t="Nombre de host"/>
<phrase i="L_Domain_Name" t="Dominio"/>
<phrase i="L_CallManager_1" t="CallManager 1"/>
<phrase i="L_Directories_URL" t="URL de directorios"/>
<phrase i="L_Services_URL" t="URL de servicios"/>
<phrase i="L_Messages_URL" t="URL de mensajes"/>
<phrase i="L_Authentication_URL" t="URL de autenticación"/>
<phrase i="L_User_Locale" t="Región del usuario"/>
<phrase i="L_Network_Locale" t="Región de la red"/>
<phrase i="L_Status_Messages" t="Mensajes del estado"/>
<phrase i="T_PERIPHERAL_STATUS" t="Estado periférico"/>
<phrase i="L_USB_Status" t="Disco USB"/>
<phrase i="L_xmit" t="emisión"/>
<phrase i="L_recv" t="recepción"/>
<phrase i="L_Multicast" t="multidifusión"/>
<phrase i="L_EthPackets" t="Ethernet: paquetes (Bytes)"/>
<phrase i="L_WiFiPackets" t="Wi-Fi: paquetes (Bytes)"/>

<!-- Att Cons is Attendant Console -->
<phrase i="L_Sidecar1_Status" t="Consola 1"/>
<phrase i="L_Sidecar2_Status" t="Consola 2"/>
<phrase i="L_DISCONNECTED" t="Desconectado"/>
<phrase i="L_Wireless" t="Conexión inalámbrica"/>
<phrase i="L_Ethernet" t="Ethernet"/>
<phrase i="L_KEY" t="Clave"/>

<!-- #############  #label #############-->
<phrase i="L_Yes" t="Sí"/>
<phrase i="L_No" t="No"/>

<!-- #############  #contact #############-->
<phrase i="T_AB_Edit_Entry" t="Editar entrada libreta de dir. personal"/>
<phrase i="T_AB_Add_Entry" t="Agregar entrada"/>
<phrase i="T_AB_Search" t="Buscar entrada"/>
<phrase i="T_AB_Select" t="Seleccionar entrada"/>

<!-- #############  #callhistory #############-->
<phrase i="L_TimeOfCall" t="Hora de llamada"/>
<phrase i="T_CH_CallType" t="[% $n %]"/>
<phrase i="T_CH_MissedCall" t="Llamada perdida"/>
<phrase i="L_PhoneNo" t="Núm. celular"/>
<phrase i="L_CallAt" t="Llamar a"/>
<phrase i="L_Duration" t="Duración"/>

<!-- #############  #speeddial #############-->
<phrase i="T_SD_Edit_Entry" t="Editar entrada de marcado rápido"/>
<phrase i="T_SD_List" t="Lista de marcado rápido"/>
<phrase i="L_SpeedDialNo" t="Márca rápido"/>

<!-- #############  #ring tone #############-->
<phrase i="T_RT_Select" t="Seleccionar tono"/>
<phrase i="T_RT_Select_USB" t="Seleccionar tono desde USB"/>
<phrase i="T_RT_Select_Slot" t="Seleccionar ranura donde guardar tono"/>
<phrase i="T_RT_Not_Installed" t="No instalado"/>
<phrase i="T_RT_USER_1" t="Usuario 1"/>
<phrase i="T_RT_USER_2" t="Usuario 2"/>

<!-- #############  #Setting #############-->
<phrase i="T_ST_Info" t="Información y configuración"/>
<phrase i="T_ST_BlueTooth" t="Configuración de Bluetooth"/>
<phrase i="T_ST_BlueTooth_Plus" t="Auricular Bluetooth"/>
<phrase i="L_UserPref" t="Preferencias de usuario"/>
<phrase i="L_CallRecord" t="Config. Grabación Llamada"/>
<phrase i="L_CallRecordMode" t="Modo de audio de grabac."/>
<phrase i="L_CallRecordAudioPath" t="Patrón de audio de grabac."/>
<phrase i="L_CallRecordBeep" t="Record tono de grabac"/>
<phrase i="L_CallRecords" t="Grabaciones"/>
<phrase i="L_CallRecordsPlayer" t="Grabación de llamadas"/>
<phrase i="L_Directory" t="Directorios"/>
<phrase i="L_CallHistory" t="Historial de llamadas"/>
<phrase i="L_SpeedDial" t="Marcado rápido"/>
<phrase i="L_VideoMonitoring" t="Supervisión de video"/>
<phrase i="L_MP3Player" t="Reproductor MP3"/>
<phrase i="L_PictureViewer" t="Visor de imágenes"/>
<phrase i="L_Messaging" t="Mensajería"/>
<phrase i="L_WebApplication" t="Aplicaciones web"/>
<phrase i="L_CMEServices" t="Servicios de CME"/>
<phrase i="L_CallPreferences" t="Preferencias de llamadas"/>
<phrase i="L_ConnectionSetting" t="Configuración de conexión"/>
<phrase i="L_NetworkConfig" t="Configuración de la red"/>
<phrase i="L_AudioPreferences" t="Preferencias de audio"/>
<phrase i="L_RingSetting" t="Configuración de timbre"/>
<phrase i="L_ScreenPreferences" t="Preferencias de pantalla"/>
<phrase i="L_Administration" t="Admin. del dispositivo"/>
<phrase i="T_ST_IP_Address" t="Config. dir. IP estática"/>
<phrase i="L_IPAddress" t="Dirección IP"/>
<phrase i="L_SubnetMask" t="Máscara subred"/>
<phrase i="L_GatewayAddress" t="Dir portal acceso"/>
<phrase i="L_PrimaryDNS" t="DNS 1"/>
<phrase i="L_SecondaryDNS" t="DNS 2"/>
<phrase i="T_ST_Admin" t="Administración"/>
<phrase i="T_ST_PartitionList" t="Seleccionar partición"/>
<phrase i="L_About" t="sobre"/>
<phrase i="L_SetPassword" t="Establecer contraseña"/>
<phrase i="L_DateTime" t="Fecha/hora"/>
<phrase i="L_Language" t="Idioma"/>
<phrase i="L_Reboot" t="Reiniciar software"/>
<phrase i="L_FactoryReset" t="Restab. valores de fábrica"/>
<phrase i="L_CustomReset" t="Restab. personalización"/>
<phrase i="L_ProfileRule" t="Regla de perfil"/>
<phrase i="L_CallControlSettings" t="Config. control llamad."/>
<phrase i="L_SignalingProtocol" t="Protocolo de señal"/>
<phrase i="L_AutoDetectSPCP" t="Autodetección de SCCP"/>
<phrase i="T_ST_Audio" t="Config. de audio"/>
<phrase i="L_PrefAudioDevice" t="Preferencia dispositivo de audio"/>
<phrase i="L_SwapLRChannel" t="Intercambiar canal  I/D"/>
<phrase i="L_EnableStereo" t="Tipo de auricular"/>
<phrase i="L_PhRingTone" t="Timbre predet."/>
<phrase i="L_Ext1RingTone" t="Ext 1 - Tono"/>
<phrase i="L_Ext2RingTone" t="Ext 2 - Tono"/>
<phrase i="L_Ext3RingTone" t="Ext 3 - Tono"/>
<phrase i="L_Ext4RingTone" t="Ext 4 - Tono"/>
<phrase i="L_Ext5RingTone" t="Ext 5 - Tono"/>
<phrase i="T_ST_CallForward" t="Config. de reenvío de llamada"/>
<phrase i="L_ForwardAllNumbers" t="Nº reenvío todas llam."/>
<phrase i="L_ForwardBusyNumber" t="Nº reenvío si ocupado"/>
<phrase i="L_ForwardNoAnsNumber" t="Nº reenvío si no resp."/>
<phrase i="L_ForwardNoAnsDelay" t="Demora reenv. si no resp."/>
<phrase i="L_WiFiConfiguration" t="Configuración Wi-Fi"/>
<phrase i="L_ConnectionType" t="Tipo de conexión"/>
<phrase i="L_Bluetooth" t="Bluetooth"/>
<phrase i="L_Autoconnect" t="Autoconectar"/>
<phrase i="L_Headset" t="Auricular"/>
<phrase i="L_WebServer" t="Servidor web"/>
<phrase i="L_DiscoveryAddress" t="Dir. de detección"/>
<phrase i="L_LVSAutoDiscovery" t="Detec. auto sist. Clav"/>
<phrase i="L_LVSProxyAddress" t="Dir. IP de sist. clave"/>
<phrase i="L_DHCPOption" t="Opción DHCP a usar"/>
<phrase i="L_TranProtocol" t="Protoc de transporte"/>
<phrase i="L_NetworkStatus" t="Estado de la red"/>
<phrase i="L_RebootHistory" t="Historial de reinicios"/>
<phrase i="L_IPStatus" t="Estado de IP"/>
<phrase i="T_ST_SetTime" t="Establecer hora real"/>
<phrase i="L_AB" t="Libreta de dir. personal"/>
<phrase i="L_XMLDirectory" t="Directorio corporativo (XML)"/>
<phrase i="L_LDAPDirectory" t="Directorio corporativo (LDAP)"/>
<phrase i="L_LVSDirectory" t="Directorio corporativo"/>
<phrase i="L_BroadsoftDirectory" t="Directorio Broadsoft"/>
<phrase i="L_XMLService" t="Servicios XML de Cisco"/>
<phrase i="T_ST_CallHistories" t="Historial de llamadas"/>
<phrase i="T_ST_Language" t="Selección de idioma"/>
<phrase i="T_ST_Password" t="Establecer contraseña"/>
<phrase i="L_OldPassword" t="Contras. ant."/>
<phrase i="L_NewPassword" t="Contras. nueva"/>
<phrase i="L_ReEnterNewPassword" t="Ingres. contras. nueva"/>
<phrase i="L_CallForwarding" t="Reenvío de llamadas"/>
<phrase i="L_CallWaiting" t="Llamadas en espera"/>
<phrase i="L_VoiceMail" t="Buzón de voz"/>
<phrase i="L_BlockCallerID" t="Bloq.  ID llamada"/>
<phrase i="L_BlockAnonymCall" t="Bloq. llamad. anónimas"/>
<phrase i="L_SecureCall" t="Llamada segura"/>
<phrase i="L_DialAssist" t="Ayuda para marcar"/>
<phrase i="L_AutoAnswerPage" t="Pág. respuesta automát."/>
<phrase i="L_MissCallShortCut" t="Acceso dir. llam. perdida"/>
<phrase i="L_MissCallBanner" t="Sin ID de Llamada"/>
<phrase i="L_EnabledScreenSaver" t="Protector de pantalla"/>
<phrase i="L_Constrast" t="Brillo de pantalla"/>
<phrase i="L_WallPaper" t="Fondo pantalla"/>
<phrase i="L_Theme" t="Tema"/>
<phrase i="T_ST_ScreenSaver" t="Config. protector pantalla"/>
<phrase i="L_ScreenSaverType" t="Tipo de protector pantalla"/>
<phrase i="L_TriggerInterval" t="Intervalo activo (seg)"/>
<phrase i="L_RefreshInterval" t="Interval. actual (seg)"/>
<phrase i="L_BackLight" t="Luz de fondo"/>
<phrase i="L_BackLightTimer" t="Tempor. luz fondo (seg)"/>
<phrase i="L_Contrast" t="Brillo"/>
<phrase i="T_StarCodeList" t="Seleccionar código de asterisco"/>
<phrase i="T_Select_Image" t="Seleccionar una imagen"/>
<phrase i="T_ST_Time" t="Configuración de hora"/>
<phrase i="L_TimeZone" t="Huso horario"/>
<phrase i="L_DayLightSaving" t="Horario de verano"/>
<phrase i="L_AutomaticMode" t="Modo automático"/>
<phrase i="L_NTPServer1" t="Servidor NTP 1"/>
<phrase i="L_NTPServer2" t="Servidor NTP 2"/>
<phrase i="L_SetCurrentTimeManually" t="Config. hora actual manual."/>
<phrase i="T_ST_TimeZone" t="Selecccionar huso horario"/>
<phrase i="T_ST_VPN" t="Configuración VPN"/>
<phrase i="L_VPNServer" t="Servidor VPN"/>
<phrase i="L_UserName" t="Nombre de usuario"/>
<phrase i="L_VPNTunnelGroup" t="Grupo túnel"/>
<phrase i="L_VPNStatus" t="Estado de VPN"/>
<phrase i="L_ConnectOnBootup" t="Conectar al iniciar"/>
<phrase i="L_Connect" t="Habilitar Conexión"/>
<phrase i="L_Weather" t="Clima"/>
<phrase i="L_News" t="Noticias"/>
<phrase i="L_City" t="Ciudad"/>
<phrase i="L_ZipCode" t="Código postal"/>
<phrase i="L_CityZipCode" t="Ciudad o cód. postal"/>
<phrase i="T_WeatherSearch" t="Introd. nombre ciudad o cód. postal"/>
<phrase i="T_WeatherList" t="Lista de ciudades"/>
<phrase i="T_WeatherInfo" t="Información del clima"/>
<phrase i="L_LastUpdateOn" t="Última actualización - "/>
<phrase i="L_CurrentCondition" t="Condición actual:"/>
<phrase i="L_Forecast" t="Pronóstico:"/>
<phrase i="T_NewsCategories" t="Categorías de noticias"/>
<phrase i="T_NewsCategory" t="[% $category %]"/>
<phrase i="L_DHCP_Address_Released" t="Dirección DHCP liberada"/>
<phrase i="L_Erase_Config" t="Borrar configuración"/>
<phrase i="L_Alternate_TFTP" t="TFTP alterno"/>
<phrase i="L_WebServerWritable" t="Serv. web para grabar"/>
<phrase i="M_ABEmpty" t="La libreta de dir. está vacía"/>
<phrase i="M_ABDuplicate" t="Todos registros son idénticos."/>
<phrase i="M_InvalidVLAN" t="La ID de VLAN [%d] no es válida.\rEl valor debe estar comprendido \rentre 1-4094."/>
<phrase i="M_InvalidDataportVLAN" t="La ID de VLAN del puerto de la PC [%d] no es válida.\rEl valor debe estar comprendido \rentre 1-4094."/>
<phrase i="M_InvalidDataportPriority" t="La prioridad [%d] no es válida.\rEl valor debe estar comprendido \rentre 0-7."/>
<phrase i="M_InvalidMAddr" t="La dir. de detección \r[%s] no es válida.\rEl valor debe escribirse de la sig. forma \raaa.bbb.ccc.ddd:pppp"/>
<phrase i="M_RebootInvalid" t="Llamada(s) en curso.\r No se permite reiniciar."/>
<phrase i="M_FactoryResetInvalid" t="Llamada(s) en curso.\rNo se permite el restablacimiento de fabricante."/>
<phrase i="M_CustomResetInvalid" t="Llamada(s) en curso.\rNo se permite restablacimiento personalizado."/>
<phrase i="M_OperationInvalid" t="Llamada(s) en curso.\rNo se permite esta operación."/>
<phrase i="M_ProfileRuleInvalid" t="Llamada(s) en curso.\r No se permite resincronizar.\r usando la regla de perfil."/>
<phrase i="M_UpgradeStart" t="Inicio de actualización"/>
<phrase i="M_UpgradeInProgress" t="Actualizando... No apagar"/>
<phrase i="M_DownloadProgress" t="Descargando direcciones..."/>
<phrase i="M_UpgradeCompleted" t="Actualización completa."/>
<phrase i="M_UpgradeAborted" t="Actualización anulada por usuario."/>
<phrase i="M_UpgradeAbortedWithError" t="Actualización anulada con un error."/>
<phrase i="M_UpgradeCompletedReboot" t="Actualización finalizada.\rReiniciando..."/>
<phrase i="M_UpgradeAbortedWithErrorReboot" t="Actualización anulada con un.\rerror. Reiniciando..."/>
<phrase i="T_ContactVcardFullAddressBook" t="La libreta de dir. está llena, \rno se pueden importar vCards."/>
<phrase i="T_ContactVcardInvalid" t="Formato de vCard no es válido"/>
<phrase i="T_Login_Form" t="Formulario de inicio de sesión"/>
<phrase i="L_Pending" t="Pendiente"/>
<phrase i="L_Customized" t="Personalizado"/>
<phrase i="L_Open" t="Abierta"/>
<phrase i="L_Hour" t="Hora"/>
<phrase i="L_Minute" t="Minutos"/>
<phrase i="L_Second" t="Segundos"/>
<phrase i="L_HourShort" t="Hora"/>
<phrase i="L_MinuteShort" t="Mín."/>
<phrase i="L_SecondShort" t="Seg."/>
<phrase i="M_InvalidRefreshTime" t="Actualizar hora \r el valor debe ser igual o mayor que 1."/>
<phrase i="M_InvalidBackLightTime" t="Valor del tiempo de activación \r de luz de fondo debe ser igual o mayor que 30."/>
<phrase i="M_InvalidScreenSaverTriggerTime" t="Valor del tiempo de activación \r del protector de pantalla deber ser igual o mayor que 30."/>
<phrase i="M_InvalidContrastLevel" t="Valor del brillo debe estar \r comprendido entre 1 y 15."/>
<phrase i="L_DeepBass" t="Grave Profundo"/>
<phrase i="L_HandsetVersion" t="Versión teléfono"/>
<phrase i="L_ACD_AGENT_STATE" t="Estado de agente ACD"/>
<phrase i="L_Att_Cons_Pref" t="Preferencias de la consola"/>
<phrase i="L_Attendant_Console_Pref" t="Preferencias consola operadora"/>
<phrase i="L_LCD_Contrast" t="Contraste"/>
<phrase i="L_Font_Size" t="Tamaño de fuente"/>
<phrase i="L_Display_Mode" t="Modo de visualización"/>
<!-- #############  #LVS directory #############-->
<phrase i="L_INTERNAL_DIR" t="Directorio interno"/>
<phrase i="L_EXTERNAL_DIR" t="Directorio externo"/>
<phrase i="L_GROUPS_DIR" t="Directorio de grupos"/>
<phrase i="L_STATIONS_DIR" t="Directorio de estaciones"/>
<phrase i="L_Auto_Attnd" t="Operadora automática"/>
<phrase i="L_Int_Music" t="Música interna"/>
<phrase i="L_ExternalMusic" t="Música externa"/>
<phrase i="L_Station" t="Estación"/>
<phrase i="L_PageGroup1" t="Grupo de páginas 1"/>
<phrase i="L_PageGroup2" t="Grupo de páginas 2"/>
<phrase i="L_PageGroup3" t="Grupo de páginas 3"/>
<phrase i="L_PageGroup4" t="Grupo de páginas 4"/>
<phrase i="L_PageGroup5" t="Grupo de páginas 5"/>
<phrase i="L_Page_Grp" t="Grupo de páginas"/>
<phrase i="L_ExternalPage" t="Página externa"/>
<phrase i="L_CallPark" t="det. de llamada"/>
<phrase i="L_PickUp" t="capturar"/>

<!-- #############  #LDAP #############-->
<phrase i="LDAP_ORGANIZATION" t="Organización"/>
<phrase i="L_FirstName" t="Nombre"/>
<phrase i="L_LastName" t="Apellido"/>
<phrase i="LDAP_DISPLAY_NAME" t="Nombre"/>
<phrase i="LDAP_TELEPHONE_NUMBER" t="Teléfono de trabajo"/>
<phrase i="LDAP_MOBILE_NUMBER" t="Teléfono móvil"/>
<phrase i="LDAP_ACCESS_ERROR" t="Error LDAP: no se puede conectar\r al servidor"/>
<phrase i="LDAP_InvalidInput" t="Error LDAP: valor de la entrada\r no es válido"/>
<phrase i="LDAP_NoFilter" t="Defina el filtro."/>
<phrase i="LDAP_TooManyResults" t="Se encontraron demasiadas coincidencias,\r redefina los criterios de búsqueda"/>
<phrase i="LDAP_NoResult" t="No se obtuvieron resultados"/>
<phrase i="NoRingTone" t="Sin tono"/>
<phrase i="S_Failed" t="La búsqueda no dio resultados"/>
<phrase i="S_Sys_Err" t="Error del sistema:"/>
<phrase i="T_LDAP_ResultList" t="Lista directorio comer (LDAP)"/>
<phrase i="T_LDAPQueryForm" t="Formulario de consultaLDAP"/>
<phrase i="T_LDAPAddrEntry" t="Entrada al directori comerc(LDAP)"/>
<phrase i="T_LDAPQuery" t="Servidor LDAP de consulta"/>
<phrase i="L_SimpleSearch" t="Búsqueda simple"/>
<phrase i="L_AdvSearch" t="Búsqueda avanzada"/>

<!-- #############  #Broadsoft #############-->
<phrase i="BSDIR_ACCESS_ERROR" t="Error de dir. Broadsoft:\r No se puede conectar al servidor"/>
<phrase i="BSDIR_InvalidInput" t="Error de dir. Broadsoft:\r Valor de entrada no es válido."/>
<phrase i="BSDIR_TooManyResults" t="Se encontraron demasiadas coincidencias.\r Redefina sus criterios de búsqueda."/>
<phrase i="T_BSDIR_CONFIG" t="Config. de dir. Broadsoft"/>
<phrase i="T_BSDIR_SEARCH_PERSONAL" t="Buscar en directorio"/>
<phrase i="T_BSDIR_SEARCH_GROUP" t="Buscar en dir. de grupo"/>
<phrase i="T_BSDIR_SEARCH_ENTERPRISE" t="Buscar en dir. comercial"/>
<phrase i="T_BSDIR_HTTP_AUTH_ERR" t="Error de autenticación:\r Revise la contraseña."/>
<phrase i="L_HOST_SERVER" t="Servidor de host"/>
<phrase i="L_DIR_NAME" t="Dir. Nombre"/>
<phrase i="T_Configure" t="Configurar"/>

<phrase i="T_BSDIR_SEARCH" t="Buscar en dir. Broadsoft"/>
<phrase i="T_SIMPLE_SEARCH" t="Búsqueda simple"/>
<phrase i="T_ADVANCED_SEARCH" t="Búsqueda avanzada"/>
<phrase i="L_BSDIR_LNAME" t="Apellido"/>
<phrase i="L_BSDIR_FNAME" t="Nombre"/>
<phrase i="L_BSDIR_GROUPID" t="ID de gurpo"/>
<phrase i="L_BSDIR_DEPT" t="Departamento"/>
<phrase i="L_BSDIR_ABRV_DEPT" t="Depto."/>
<phrase i="L_BSDIR_EMAIL" t="Correo electrónico"/>

<phrase i="T_LVSDIR_REQ" t="Solicitando directorio LVS del servidor..."/>
<phrase i="T_LVSDIR_REQ_FAILED" t="Solicitud de dir. LVS falló."/>

<!-- #############  #Softkey Labels #############-->
<phrase i="S_ConfLx" t="Lín. conf."/>
<phrase i="S_XferLx" t="Lín. transf."/>
<phrase i="S_Redial" t="Remarcar"/>
<phrase i="S_Contacts" t="Directorio"/>
<phrase i="S_Forward" t="Reenviar"/>
<phrase i="S_DND" t="No molest."/>
<phrase i="S_NForward" t="Can.Renv."/>
<phrase i="S_NDND" t="Can.NoMol."/>
<phrase i="S_LCR" t="Devl. llam"/>
<phrase i="S_Missed" t="Perdida"/>
<phrase i="S_Login" t="Iniciar"/>
<phrase i="S_Logout" t="Salir"/>
<phrase i="S_Avail" t="Disp."/>
<phrase i="S_UnAvail" t="No disp."/>
<phrase i="S_UnPark" t="No aparcar"/>
<phrase i="S_PickUp" t="Capturar"/>
<phrase i="S_Mobility" t="Movilidad"/>
<phrase i="S_GrPickup" t="Capt.grup"/>
<phrase i="S_NewCall" t="Nuev.Llam."/>
<phrase i="S_Barge" t="Forzar"/>
<phrase i="S_Resume" t="Reanudar"/>
<phrase i="S_Answer" t="Respuesta"/>
<phrase i="S_Hold" t="Retener"/>
<phrase i="S_EndCall" t="Finalizar"/>
<phrase i="S_Transfer" t="Transfer."/>
<phrase i="S_CONF" t="Conf."/>
<phrase i="S_BXfer" t="TrnfOcult"/>
<phrase i="S_Park" t="Aparcar"/>
<phrase i="S_Join" t="Unir"/>
<phrase i="S_Update" t="Actualizar"/>
<phrase i="S_Dial" t="Marcar"/>
<phrase i="S_delChar" t="Elim.letr"/>
<phrase i="S_AbbrDial" t="Abrv.marc."/>
<phrase i="S_Back" t="Atrás"/>
<phrase i="S_Save" t="Guardar"/>
<phrase i="S_Delete" t="Eliminar"/>
<phrase i="S_Add" t="Agregar"/>
<phrase i="S_Option" t="Opción"/>
<phrase i="S_EditDial" t="EditMarc"/>
<phrase i="S_EditDial1" t="EditMarc"/>
<phrase i="S_AddNew" t="Agregar nuevo"/>
<phrase i="S_Copy" t="Copiar"/>
<phrase i="S_Paste" t="Pegar"/>
<phrase i="S_Search" t="Buscar"/>
<phrase i="S_Select" t="Selec."/>
<phrase i="S_Default" t="Predet."/>
<phrase i="S_Add2SpeedDial" t="Agregar a marcado rápido"/>
<phrase i="S_SendMessage" t="Enviar mensaje"/>
<phrase i="S_InputAll" t="Introd. todos"/>
<phrase i="S_InputNum" t="Introd. núm."/>
<phrase i="S_InputIP" t="Introd. IP"/>
<phrase i="S_InputHebrew" t="Ingrese hebreo"/>
<phrase i="S_InputStarCode" t="Introd. cód. asterisco"/>
<phrase i="S_Clear" t="Limpiar"/>
<phrase i="S_DeleteList" t="Eliminar lista"/>
<phrase i="S_DeleteAll" t="Eliminar todos"/>
<phrase i="S_DeleteEntry" t="Eliminar entrada"/>
<phrase i="S_Add2AB" t="Agregar a libreta de dir."/>
<phrase i="S_Next" t="Siguiente"/>
<phrase i="S_Zoom" t="Zoom"/>
<phrase i="S_Previous" t="Anterior"/>
<phrase i="S_Previous1" t="Anterior"/>
<phrase i="S_Up" t="Arriba"/>
<phrase i="S_Down" t="Abajo"/>
<phrase i="S_SelectFromAB" t="Seleccionar de libreta de dir."/>
<phrase i="S_Play" t="Reprod."/>
<phrase i="S_Exit" t="Salir"/>
<phrase i="S_Resync" t="Resinc"/>
<phrase i="S_SetTime" t="Guardar"/>
<phrase i="S_Set" t="Fijar"/>
<phrase i="S_MoveUp" t="Subir"/>
<phrase i="S_MoveDown" t="Bajar"/>
<phrase i="S_Edit" t="Editar"/>
<phrase i="S_View" t="Vista"/>
<phrase i="S_Enable_Disable" t="Hab./dehab."/>
<phrase i="S_Refresh" t="Actualizar"/>
<phrase i="S_List" t="Lista"/>
<phrase i="S_Stop" t="Parar"/>
<phrase i="S_AddList" t="Agr. lista"/>
<phrase i="S_Scan" t="Escanear"/>
<phrase i="S_Connect" t="Conectar"/>
<phrase i="S_Disconnect" t="Desconec."/>
<phrase i="S_ConnectAll" t="Conec. todos"/>
<phrase i="S_Detail" t="Detalles"/>
<phrase i="S_Cancel" t="Cancelar"/>
<phrase i="S_OK" t="Aceptar"/>
<phrase i="S_Unpair" t="Separar"/>
<phrase i="S_SelectAll" t="Selec. todo"/>
<phrase i="S_ClearAll" t="Borrar todo"/>
<phrase i="S_More" t="Más"/>
<phrase i="S_Format" t="Formato"/>
<phrase i="S_Monitor" t="Supervisar"/>
<phrase i="S_VCARD" t="Importar"/> 
<phrase i="S_FromUsb" t="De USB"/> 
<phrase i="S_Retry" t="Reintentar"/> 
<phrase i="S_FLASH" t="Flash"/> 
<phrase i="S_STARCODE" t="*Código"/> 
<phrase i="S_IP" t="IP"/> 
<phrase i="S_NUM" t="Núm."/> 
<phrase i="S_ALPHA" t="Alfa"/> 
<phrase i="S_Audio" t="Audio"/> 
<phrase i="S_Video" t="Video"/> 
<phrase i="S_Call" t="Llamar"/> 
<phrase i="S_Submit" t="Enviar"/> 
<phrase i="S_CallRecordStart" t="Grabar"/> 
<phrase i="S_CallRecordStop" t="Parar grab."/> 
<phrase i="S_Ignore" t="Ignorar"/> 
<phrase i="S_Override" t="Anular"/>
<phrase i="S_AState" t="EdoAgente"/>
<phrase i="S_HotelingGuestIn" t="Iniciar sesión invitado"/>
<phrase i="S_HotelingGuestOut" t="Finalizar sesión invitado"/>
<!-- #############  Option Labels #############-->
<phrase i="OL_Fahrenheit" t="Grados Fahrenheit"/>
<phrase i="OL_Celsius" t="Grados Celsius"/>
<phrase i="OL_MONO" t="Mono"/>
<phrase i="OL_STEREO" t="Estéreo"/>
<phrase i="OL_InProgress" t="En curso"/>
<phrase i="OL_DnsResolution" t="Resolución DNS"/>
<phrase i="OL_NoServerName" t="Sin nombre de servidor"/>
<phrase i="OL_InvalidServer" t="Servidor no válido o restringido"/>
<phrase i="OL_NoResources" t="Recursos agotados"/>
<phrase i="OL_FileNotFound" t="No se encontro el archivo"/>
<phrase i="OL_CorruptFile" t="Archivo dañado"/>
<phrase i="OL_EncrptionKey" t="Clave de cifrado"/>
<phrase i="OL_InvalidURL" t="URL no válida"/>
<phrase i="OL_Phone" t="Teléfono"/>
<phrase i="OL_Handsfree" t="Manos lib"/>
<phrase i="OL_Both" t="Ambos"/>
<phrase i="OL_DownloadFailed" t="Descarga falló"/>
<phrase i="OL_DownloadConflict" t="%d entradas son nuevas\r %d problemas con las entradas"/>
<phrase i="OL_DownloadTypeError" t="Bluetooth no es Manos libres"/>
<phrase i="OL_DownloadFull" t="Libreta de dir. está llena, \rno se puede descargar ninguna entrada."/>
<phrase i="OL_ParsingError" t="Error de análisis de la regla"/>
<phrase i="OL_Ended" t="Finalizada"/>
<phrase i="OL_StaticIP" t="IP estática"/>
<phrase i="OL_BlackBackground" t="Fondo negro"/>
<phrase i="OL_GrayBackground" t="Fondo gris"/>
<phrase i="OL_BlackGrayRotation" t="Rotación negro/gris"/>
<phrase i="OL_PictureRotation" t="Rotación de imagen"/>
<phrase i="OL_DigitalFrame" t="Marco digital"/>
<phrase i="OL_DownloadPicture" t="Descargar imagen"/>
<phrase i="OL_Clock" t="Reloj"/>
<phrase i="OL_Speaker" t="Altavoz"/>
<phrase i="OL_Headset" t="Auricular"/>
<phrase i="OL_Handset" t="Auricular de tel."/>
<phrase i="OL_Ringer" t="Timbre"/>
<phrase i="OL_LightBlue" t="Azul claro"/>
<phrase i="OL_LightGray" t="Gris claro"/>
<phrase i="OL_LightGreen" t="Verde claro"/>
<phrase i="OL_None" t="Ninguno"/>
<phrase i="OL_Simple" t="Simple"/>
<phrase i="OL_PlainTLS" t="TLS sencilla"/>
<phrase i="OL_64HEX" t="10 dígitos hex"/>
<phrase i="OL_128HEX" t="26 dígitos hex"/>
<phrase i="OL_64ASCII" t="5 caracteres ascii"/>
<phrase i="OL_128ASCII" t="13 caracteres ascii"/>
<phrase i="OL_Enterprise" t="Comercial"/>
<phrase i="OL_Group" t="Grupo"/>
<phrase i="OL_Personal" t="Personal"/>
<phrase i="OL_1" t="1"/>
<phrase i="OL_2" t="2"/>
<phrase i="OL_3" t="3"/>
<phrase i="OL_4" t="4"/>
<phrase i="OL_5" t="5"/>
<phrase i="OL_Disabled" t="Deshabilitado"/>
<!-- Option Label for handset version(Rocky) -->
<phrase i="OL_Auto" t="Autom."/>
<phrase i="OL_Original" t="Original"/>
<phrase i="OL_v3" t="v3"/>
<phrase i="OL_Name" t="Nombre"/>
<phrase i="OL_Ext" t="Ext"/>
<phrase i="OL_Both" t="Ambos"/>

<!-- #############  COMPLETE VERIFICATION #############-->

<!-- #############  #Wireless #############--> 
<phrase i="T_WlanProfileList" t="Selec. un perfil"/>
<phrase i="T_WlanScanList" t="Selec. un perfil a conectar"/>
<phrase i="T_WlanServerCaList" t="Selec. archivo como cert. serv."/>
<phrase i="T_WlanClientCaList" t="Selec. archivo como cert. cliente"/>
<phrase i="T_WlanProfileReplace" t="Selec. un perfil a reemplazar"/>
<phrase i="T_WlanWpsSelect" t="Selec. el modo WPS"/>
<phrase i="WirelessStatusDetail" t="Detalles inalámbricos"/>
<phrase i="T_Profile" t="Perfil"/>
<phrase i="T_WlanPartitionLsit" t="Selec. una partición"/>
<phrase i="L_InvalidProfile" t="Perfil no válido"/>
<phrase i="L_Disable" t="Deshabilitar"/>
<phrase i="L_WpaEnt" t="WPA comercial"/>
<phrase i="L_Wpa2Ent" t="WPA2 comercial"/>
<phrase i="L_Connection" t="Conexión"/>
<phrase i="L_SecurityMode" t="Modo segur."/>
<phrase i="L_ProfileName" t="Nombre perf."/>
<phrase i="L_NetworkName" t="Nombre de red (SSID)"/>
<phrase i="L_CipherType" t="Tipo cifrado"/>
<phrase i="L_KeyId" t="Clave de transm. predt."/>
<phrase i="L_KeyLen" t="Tamaño clave"/>
<phrase i="L_Key1" t="Clave 1"/>
<phrase i="L_Key2" t="Clave 2"/>
<phrase i="L_Key3" t="Clave 3"/>
<phrase i="L_Key4" t="Clave 4"/>
<phrase i="L_PskKey" t="Clave WPA compart."/>
<phrase i="L_EapType" t="Tipo de EAP"/>
<phrase i="L_UserId" t="ID usuario"/>
<phrase i="L_Password" t="Contraseña"/>
<phrase i="L_CheckSvrCa" t="Revisar cert. serv."/>
<phrase i="L_On" t="Activa"/>
<phrase i="L_Off" t="Apaga"/>
<phrase i="L_LinkSignal" t="Intensidad señal"/>
<phrase i="L_NoiseLevel" t="Nivel de ruido"/>
<phrase i="L_Bssid" t="Dir. MAC punto de acceso asoc."/>
<phrase i="L_Frequency" t="Frecuencia"/>
<phrase i="L_DataEncryption" t="Cifrado de datos"/>
<phrase i="L_EncryptionType" t="Tipo de cifrado"/>
<phrase i="L_TransmitRate" t="Veloc. transmisión"/>
<phrase i="L_Channel" t="Canal"/>
<phrase i="L_RootCa" t="Cert. raíz"/>
<phrase i="L_UserCa" t="Cert. usuario"/>
<phrase i="L_UserCaPrivateKeyPwd" t="Contras. de clave priv."/>
<phrase i="L_AnonyId" t="ID anónima"/>
<phrase i="L_TtlsInnerProto" t="Prot. TTLS interno"/>
<phrase i="L_PeapInnerProto" t="Prot. PEAP interno"/>
<phrase i="L_WlanConfiguration" t="Configuración inalámbrica"/>
<phrase i="L_WlanWpsPbc" t="Config. de presionado de botón"/>
<phrase i="L_WlanWpsPbcText1" t="Para disp. con botón de config. de Wi-Fi"/>
<phrase i="L_WlanWpsPbcText2" t="protegido, presionar botón"/>
<phrase i="L_WlanWpsPbcText3" t="y luego selec. este modo."/>
<phrase i="L_WlanWpsPin" t="Configuración de PIN"/>
<phrase i="L_WlanWpsPinText1" t="Si disp. requiere un PIN, introduzca"/>
<phrase i="L_WlanWpsPinText2" t="el sig. número: [%s], luego"/>
<phrase i="L_WlanWpsPinText3" t="seleccione este modo."/>
<phrase i="L_WlanProfile" t="Perfil inalámbrico"/>
<phrase i="L_WlanAddCurrent" t="Agregar una conexión como perfil"/>
<phrase i="L_WlanStatus" t="Estado inal."/>
<phrase i="L_WlanWps" t="Wi-Fi config. protegida (WPS)"/>
<phrase i="WlanMsgPfLock" t="Perfil inalámbrico está bloqueado"/>
<phrase i="WlanMsgPfNameLenNull" t="Nombre de perfil no es válido"/>
<phrase i="WlanMsgPfNameLenOver" t="Nombre de perfil es demasiado largo"/>
<phrase i="WlanMsgSssidLenNull" t="SSID no es válido"/>
<phrase i="WlanMsgSssidLenOver" t="SSID demasiado largo"/>
<phrase i="WlanMsgWepNoValue" t="Establecer ID de clave a %d, clave sin \r un valor."/>
<phrase i="WlanMsgWepWrongLen" t="El largo %d de la clave no es válido."/>
<phrase i="WlanMsgWepWrongHex" t="La clave %d tiene dígitos que no son hexadecim."/>
<phrase i="WlanMsgPsKeyLenLess" t="La clave WPA compartida es demasiado corta."/>
<phrase i="WlanMsgPsKeyLenOver" t="La clave WPA compartida es demasiado larga."/>
<phrase i="WlanMsgIdentityLenNull" t="Identidad no válida"/>
<phrase i="WlanMsgIdentityLenOver" t="Ident. demasiado larga"/>
<phrase i="WlanMsgServerCaWrong" t="Certificado de servidor no es válido"/>
<phrase i="WlanMsgClientCaWrong" t="Certificado de cliente no válido"/>
<phrase i="WlanMsgPasswordLenNull" t="Contraseña no válida"/>
<phrase i="WlanMsgPasswordLenOver" t="Contraseña demasiado larga"/>
<phrase i="WlanMsgAnonyIdLenNull" t="Sin identidad anónima"/>
<phrase i="WlanMsgAnonyIdLenOver" t="Identidad anónima \r demasiado larga"/>
<phrase i="WlanMsgOverMaxPFNum" t="La lista está llena. ¿Desea reemplazar \r otro perfil?"/>
<phrase i="WlanMsgUseWpsPbc" t="Use el PBC WPS para conectarse"/>
<phrase i="WlanMsgUseWpsPin" t="Use el PIN WPS para conectarse"/>
<phrase i="WlanNoProfileConnect" t="No existe un perfil para conectar."/>
<phrase i="WlanNoScanProfileAdd" t="No hay un perfil de escaneo para añadir"/>
<phrase i="WlanProfileExistReplace" t="Perfil con SSID: %s \r todavía existe. \r ¿Desea reemplazar \r con otro perfil?"/>
<phrase i="WlanNotEnable" t="Wi-Fi debe estar habilitada \r para conectarse."/>
<phrase i="WlanNotConnect" t="Wi-Fi no se conectó. No puede \r añadirse a la lista de perfiles"/>
<phrase i="WlanProfileExist" t="El perfil con SSID: [%s]\r ya existe."/>
<phrase i="WlanNotInterface" t="Ethernet debe estar desconectada \r para usar Wi-Fi."/>
<phrase i="WlanMsgAssociating" t="Asociando con SSID: [%s]"/>
<phrase i="WlanMsgFailAssociation" t="Error al asociar con SSID: \r[%s] seguir intentando \r en el fondo."/>
<phrase i="WlanProfileAlreadyConnected" t="Este perfil ya está conectado."/>
<phrase i="WlanWpsFailConnect" t="Error al conectar con WPS y \r continuará tratando en segundo plano."/>
<phrase i="WlanAddIntoProfile" t="¿Desea agregar esta configuración \r como un perfil?"/>
<phrase i="WlanScanning" t="Escaneando la conexión inalámbrica..."/>
<phrase i="WlanWpsConnect" t="Configuración WPS completa.\rPuede agregar la config a la\rpágina de Estado Inalámbrico"/>
<phrase i="WlanConnectAll1" t="¿Desea usar la lista de perfiles \r para conectarse?"/>
<phrase i="WlanConnectAll2" t="¿Desea desconectarse y usar \r la lista de perfil para \r conectarse?"/>
<phrase i="WlanMsgConnectAll" t="Usar la lista de perfiles para conectar"/>
<phrase i="WlanMsgFailConnectAll" t="No hay conexión, continúe tratando \r en segundo plano."/>
<phrase i="WlanAddCurrent" t="¿Desea añadir la conexión \r actual como un perfil?"/>
<phrase i="FileLengthOver" t="El nombre del archivo excede la longitud permitida %d."/>
<phrase i="WlanProfileConnectDisable" t="El perfil Wi-Fi está deshabilitado"/>
<phrase i="WlanProfileEnable" t="¿Desea habilitar \r este perfil?"/>
<phrase i="WlanProfileDisable" t="¿Desea deshabilitar \r este perfil?"/>
<phrase i="WlanEmptyScanningResult" t="Sin resultados de búsqueda \r por favor trate de nuevo"/>

<!-- #############  #MP3 #############-->
<phrase i="T_MP3PlayList" t="Seleccionar título"/>
<phrase i="T_MP3SourceList" t="Agregar título a lista de reproducción"/>
<phrase i="T_MP3PartitionList" t="Selec. part. para obtener canciones"/>
<phrase i="MP3MsgOverMaxSongNum" t="La lista se limita%d a las entradas."/>
<phrase i="MP3MsgEntryNotExist" t="La entrada no existe."/>
<phrase i="MP3MsgAPendingCall" t="No se puede reproducir música durante una llamada."/>
<phrase i="MP3MsgFileNameOverLen" t="%d Los nombres de los archivos \r exceden la longitud permitida %d."/>
<phrase i="MP3MsgGetList" t="Obteniendo lista del USB..."/>
<phrase i="MP3MsgSaveRing" t="Guardando timbre del USB..."/>
<phrase i="MP3MsgFileIllegle" t="Form. del archivo no es válido."/>
<phrase i="MP3DeletePrompt" t="¿Desea eliminar\r [%s]\r de la listat de reproduc.?"/>
<phrase i="MP3MsgSelectNull" t="No seleccionó una canción \r para agregar a la lista."/>
<phrase i="MP3MsgSelectOverMax" t="Escogió más de \r %d canciones."/>
<phrase i="MP3UsbFolderNotPresent" t="El folder '%s' no existe. \rRevise que tenga archivos \r mp3 en folder 'mp3' del \r disco USB."/>
<phrase i="MP3UsbFileNotPresent" t="No hay MP3 en el folder '%s'. \rRevise que tenga archivos \r mp3 en folder 'mp3' del \r disco USB."/>
<phrase i="MP3DeleteAllPrompt" t="¿Desea eliminar\rtodas las canciones de la lista de reprod.?"/>
<phrase i="MP3MsgCalcTime" t="Calculando tiempo de reproducción..."/> 

<!-- #############  #NetworkController #############-->
<phrase i="NC_TITLE_WIRED" t="Usando conex. Ethernet"/>
<phrase i="NC_TITLE_WIRELESS" t="Usando conexión inalámbrica"/>
<phrase i="NC_NOT_AVAILABLE" t="No disponible"/>
<phrase i="NC_L2_CONNECTING_WIRELESS" t="Conectando al punto de acceso..."/>
<phrase i="NC_L2_CONNECTING_WIRED" t="Verificando conex. de Ethernet..."/>
<phrase i="NC_L2_FAIL_WIRELESS" t="Conexión inalámbrica falló."/>
<phrase i="NC_L2_FAIL_WIRED" t="Conexión de Ethernet falló."/>
<phrase i="NC_L2_CONNECTED_WIRELESS" t="Conexión inalámbrica establecida."/>
<phrase i="NC_L2_CONNECTED_WIRED" t="Conexión Ethernet establecida."/>
<phrase i="NC_L3_CONNECTING_STATIC" t="Usar IP estática"/>
<phrase i="NC_L3_CONNECTING_DHCP" t="Obteniendo dir. IP por DHCP..."/>
<phrase i="NC_L3_CONNECTING_PPPOE" t="Obteniendo dir. IP por PPPOE..."/>
<phrase i="NC_L3_FAIL_STATIC" t="Error al establecer dir. IP"/>
<phrase i="NC_L3_FAIL_DHCP" t="Error al obtener dir. IP por DHCP."/>
<phrase i="NC_L3_FAIL_PPPOE" t="Error al obtener dir. IP por PPPOE."/>
<phrase i="NC_L3_CONNECTED_STATIC" t="Establecer dir. IP"/>
<phrase i="NC_L3_CONNECTED_DHCP" t="Obtener dir. IP"/>
<phrase i="NC_WAIT_VLAN_ID" t="Obteniendo ID de VLAN..."/>
<phrase i="NC_NO_PROFILE_LIST" t="No existe una lista de perfiles"/>
<phrase i="NC_VPN_CONNECTING" t="Crear conexión VPN."/>
<phrase i="NC_VPN_CONNECTED" t="Conexión VPN establecida."/>
<phrase i="NC_VPN_FAILED" t="Error al crear conexión VPN."/>

<!-- #############  #USB #############-->
<phrase i="UsbDeviceNotPresent" t="El dispositivo USB no existe.\r Por favor inserte un \r dispositvo USB en el \r conector USB en el teléfono."/>
<phrase i="UsbFolderNotPresent" t="La carpeta '%s' \rno existe."/>
<phrase i="UsbFileNotPresent" t="El archivo no existe en \rla carpeta'%s'."/>
<phrase i="UsbFileNotPresent2" t="[%s]\r no existe."/>
<phrase i="UsbUnknownError" t="Error de USB desconocido"/>
<phrase i="UsbPartitionName" t="Partición"/>
<phrase i="UsbDevicePluged" t="Dispositivo USB Conectado. \r Por favor espera un momento \r para montar el dispositivo."/>
<!-- #############  #CRD_START #############-->
<phrase i="UsbDeviceIsFullAndRestart" t="El USB ya está lleno.\r El registro de llamadas\rse detuvo. Conecte uno nuevo\r y comience a registrar de\r nuevo."/>
<phrase i="UsbDeviceIsFull" t="El USB ya está lleno.\r Conecte uno nuevo\r y comience a registrar de\r nuevo."/>
<phrase i="CallRecordMaxSingleFileReached" t="Se alcanzó la longitud\r máxima de grabación sencilla,\r Comience un nuevo registro."/>
<phrase i="CallRecordMaxFileNumberReached" t="Se alcanzó el número\r máximo de registros,\r Elimine algunos registros\r y comience de nuevo el\r registro."/>
<phrase i="CallRecordListDeletePrompt" t="¿Está seguro de que\r quiere eliminar este\r registro?"/>
<phrase i="CallRecordListDeleteAllPrompt" t="¿Está seguro de que quiere\r  eliminar todos los registros?"/>
<phrase i="CallRecordNameInvalid" t="El nombre del archivo de\r registros de llamadas no\r es válido."/>
<phrase i="CallRecordLenInvalid" t="No se puede calcular la\r longitud del registro de\r llamadas."/>
<phrase i="CallRecordFoldInvalid" t="El directorio del registro\r de llamadas no es válido."/>
<phrase i="CallRecordUnknownError" t="Error desconocido del\r registro de llamadas"/>
<phrase i="CallRecordMsgAPendingCall" t="No se puede reproducir el\r  registro durante una llamada."/>

<!-- #############  #Bluetooth #############-->
<phrase i="BT_NotEnabled" t="El Bluetooth debe estar habilitado\r antes de %s."/>
<phrase i="BT_Discovering" t="Detección de %s en curso."/>
<phrase i="BT_Discovered" t="detectado %s."/>
<phrase i="BT_DiscoveredFaild" t="La detección de %s falló."/>
<phrase i="BT_DeviceNotFound" t="No se encontró disp Bluetooth"/>
<phrase i="BT_Pairing" t="Emparejamiento de %s en curso."/>
<phrase i="BT_Paired" t="%s se emparejó correctamente."/>
<phrase i="BT_PairingFailed" t="Emparejamiento falló."/>
<phrase i="BT_Abort" t="La conexión a %s se anuló."/>
<phrase i="BT_UnPairPrompt" t="¿Desea desconectar \r [%s]?"/>
<phrase i="BT_PinCodePrompt" t="Introducir el PIN."/>
<phrase i="BT_ScanningPrompt" t="Escaneando.\r Espere 10 seg. para volver a ejecutar."/>
<phrase i="BT_ConnectingPrompt" t="Estableciendo conexión,\r espere 10 seg. para volver a ejecutar."/>
<phrase i="BT_DownloadingPrompt" t="Descargando,\r espere 1 min. para volver a ejecutar."/>
<phrase i="BT_CallActivePrompt" t="En estado de LlamActiva,\r la llamada en espera se interrumpirá."/>
<phrase i="BT_OP_FAIL" t="La operación falló."/>
<phrase i="BT_Dev_Connected" t="El dispositivo ya está conectado."/>
<phrase i="BT_Search" t="Buscar dispositivos Bluetooth"/>
<phrase i="BT_Connecting_Dev" t="Conectando a disp. Bluetooth "/>
<phrase i="BT_HeadsetNamePrompt" t="El nombre del \r auricular es obligatorio."/>
<phrase i="BT_PhoneModeError" t="El Modo de teléfono no se puede \r conectar al celular."/>
<phrase i="BT_HandsfreeModeError" t="El Modo manos libres no se puede \r conectar al auricular."/>
<phrase i="BT_DownloadUpdate" t="Actualizando libreta de dir. personal."/>
<phrase i="BT_DownloadAddFull" t="Directorio lleno, no puede \r agregar entradas de nuevo. \r  Agregue %d entradas Ignore \r  %d entradas nuevas"/>
<phrase i="BT_DownloadConflictFull" t="Directorio lleno, no puede \r agregar entradas de nuevo. \r Actualice %d entradas en \r conflicto Agregue %d \r entradas Ignore %d \r entradas nuevas"/>
<phrase i="BT_OverMaxProfileNum" t="La lista está llena. ¿Desea reemplazar \r otro perfil?"/>
<phrase i="T_BluetoothProfileList" t="Seleccionar un perfil de Bluetooth"/>
<phrase i="T_BluetoothProfilePlace" t="Selec. perfil Bluetooth a reemp."/>
<phrase i="T_BTMode" t="Modo Bluetooth"/>
<phrase i="T_BTProfile" t="Perfiles de Bluetooth"/>
<phrase i="T_BTHeadsetName" t="Nombre de auricular"/>
<phrase i="T_BTLoadPhoneBook" t="Descargar libreta de tel."/>
<phrase i="T_BTShowPhoneBook" t="Mostrar libreta de tel."/>
<phrase i="T_BTChoosePair" t="Selec. disp. Bluetooth a empar."/>
<phrase i="T_BTEditProfile" t="Editar perfil de Bluetooth"/>
<phrase i="L_BTDeviceName" t="Nombre disp."/>
<phrase i="L_BTPINCODE" t="Pin"/>
<phrase i="L_BTConnectAuto" t="Conectar autom."/>
<phrase i="T_BTDownLoad" t="Descargar"/>
<phrase i="T_BTReplace" t="Reemp."/>
<phrase i="CALL_SERVNOTAVAIL" t="Service Not Available"/>
<phrase i="CALL_NETERR" t="Network Error"/>
<phrase i="CALL_NORES" t="No Response"/>
<phrase i="CALL_PROTOERR" t="Protocol Error"/>
<phrase i="CALL_NOLINE" t="No Line"/>
<phrase i="CALL_TIMEOUT" t="Timeout"/>
<phrase i="S_PHOLD" t="EspPriv"/>
<phrase i="CALL_PHELD" t="En Espera privada"/>
<phrase i="S_IGNORE" t="Ignorar"/>
<phrase i="LINE_INUSE" t="En uso"/>
<phrase i="CALL_SERVUNAVAIL" t="El servicio no está disponible"/>

<!-- #############  DO NOT TRANSLATE FROM HERE ONWARD #############-->

<!-- #############  MACROS #############-->
<phrase i="URL_Dial" t="Application_CallDial?number=%s&amp;name=%s&amp;keypress=%d&amp;lock=0"/>
<phrase i="URL_EditDial" t="Application_CallEditDial?number=%s&amp;name=%s&amp;lock=0"/>
<phrase i="URL_SendMessage" t="Application_MsgSend?number=%s&amp;name=%s"/>
<phrase i="URL_AddToQuickDial" t="Application_SpeedDialAdd?number=%s&amp;name=%s"/>
<phrase i="URL_AddToAB" t="Application_ContactAddToForm?workPhone=%s&amp;name=%s"/>
<phrase i="URL_BTAddToAB" t="Application_ContactAddToForm?workPhone=%s&amp;homePhone=%s&amp;mobilePhone=%s&amp;name=%s"/>
<phrase i="URL_BTDial" t="Application_CallDial?number=%s&amp;name=%s&amp;keypress=%d&amp;lock=0"/>

<!-- #############  TECHNICAL TERMS #############-->
<phrase i="L_CAPPN_BLF" t="BLF"/>
<phrase i="L_Radius" t="RADIUS"/>
<phrase i="L_Ssid" t="SSID"/>
<phrase i="L_Wep" t="WEP"/>
<phrase i="L_WpaPsk" t="WPA PSK"/>
<phrase i="L_Wpa2Psk" t="WPA2 PSK"/>
<phrase i="L_VPN" t="VPN"/>
<phrase i="L_WiFi" t="Wi-Fi"/>
<phrase i="L_PPPoE" t="PPPoE"/>
<phrase i="Label_YYYY" t="AAAA"/>
<phrase i="Label_MM" t="MM"/>
<phrase i="Label_DD" t="DD"/>
<phrase i="Label_hh" t="hh"/>
<phrase i="Label_mm" t="mm"/>
<phrase i="Label_ss" t="ss"/>
<phrase i="L_Tls" t="TLS"/>
<phrase i="L_Ttls" t="TTLS"/>
<phrase i="L_Leap" t="LEAP"/>
<phrase i="L_Peap" t="PEAP"/>
<phrase i="L_QoS" t="QoS"/>
<phrase i="L_Rx" t="Rx"/>
<phrase i="L_Tx" t="Tx"/>
<phrase i="L_CDP" t="CDP"/>
<phrase i="L_LLDPMED" t="LLDP-MED"/>
<phrase i="L_STARTUP_DELAY" t="Retraso al iniciar"/>
<phrase i="L_VLAN" t="VLAN"/>
<phrase i="L_VLANID" t="ID de VLAN"/>
<phrase i="L_VLAN_PRIPORITY" t="Prioridad de VLAN"/>
<phrase i="L_DATAPORT_VLAN" t="VLAN de puerto PC"/>
<phrase i="L_DATAPORT_VLANID" t="ID de VLAN puerto PC"/>
<phrase i="L_DATAPORT_PRIORITY" t="Prioridad de puerto PC"/>
<phrase i="OL_NO_LIMIT" t="Sin límite"/>
<phrase i="S_FDegree" t="°F"/>
<phrase i="S_CDegree" t="°C"/>
<phrase i="OL_DHCP" t="DHCP"/>
<phrase i="OL_ID1" t="1"/>
<phrase i="OL_ID2" t="2"/>
<phrase i="OL_ID3" t="3"/>
<phrase i="OL_ID4" t="4"/>
<phrase i="OL_TKIP" t="TKIP"/>
<phrase i="OL_AES" t="AES CCMP"/>
<phrase i="OL_MD5" t="MD5"/>
<phrase i="OL_MD5-Digest" t="MD5-Digest"/>
<phrase i="OL_MSCHV2" t="MSCHAPv2"/>
<phrase i="OL_MSCHAP" t="MSCHAP"/>
<phrase i="OL_PAP" t="PAP"/>
<phrase i="OL_CHAP" t="CHAP"/>
<phrase i="OL_SIP" t="SIP"/>
<phrase i="OL_SPCP" t="SCCP"/>

<!-- #############  KEYMAP #############-->
<phrase i="3850" t=" 1 / : \\ , ! ; $ ^ | "/>
<phrase i="3851" t=" a b c 2 A B C á Á "/>
<phrase i="3852" t=" d e f 3 D E F é É "/>
<phrase i="3853" t=" g h i 4 G H I í Í "/>
<phrase i="3854" t=" j k l 5 J K L "/>
<phrase i="3855" t=" m n ñ o 6 M N Ñ O ó Ó "/>
<phrase i="3856" t=" p q r s 7 P Q R S "/>
<phrase i="3857" t=" t u v 8 T U V ú ü Ú Ü "/>
<phrase i="3858" t=" w x y z 9 W X Y Z "/>
<phrase i="3859" t=" . @ * &amp; % [ ] _ "/>
<phrase i="3860" t="   0 ~ ? &gt; ' &lt; \&quot; "/>
<phrase i="3861" t=" # + - = ( ) { } "/>
 
<!-- #############  #language #############-->
<phrase i="L_English" t="Inglés"/>
<phrase i="L_English-US" t="Inglés (USA)"/>
<phrase i="L_English-Canada" t="Inglés (Canadá)"/>
<phrase i="L_English-Australia" t="Inglés (Australia)"/>
<phrase i="L_English-Britain" t="Inglés (Reino Unido)"/>
<phrase i="L_English-NewZealand" t="Inglés (Nue. Zelanda)"/>
<phrase i="L_French" t="Francés"/>
<phrase i="L_French-Canada" t="Francés (Canadá)"/>
<phrase i="L_Spanish" t="Español"/>
<phrase i="L_Spanish-Mexico" t="Español (México)"/>
<phrase i="L_Italian" t="Italiano"/>
<phrase i="L_German" t="Alemán"/>
<phrase i="L_Norwegian" t="Noruego"/>
<phrase i="L_Portuguese" t="Portugués"/>
<phrase i="L_Polish" t="Polaco"/>
<phrase i="L_Dutch" t="Holandés"/>
<phrase i="L_Swedish" t="Sueco"/>
<phrase i="L_Russian" t="Ruso"/>
<phrase i="L_Turkish" t="Turco"/>
<phrase i="L_Slovak" t="Eslovaco"/>
<phrase i="L_Hungarian" t="Húngaro"/>
<phrase i="L_Croatian" t="Croata"/>
<phrase i="L_Bulgarian" t="Búlgaro"/>
<phrase i="L_Czech_Republic" t="Checo"/>
<phrase i="L_Slovenian" t="Esloveno"/>
<phrase i="L_Danish" t="Danés"/>
<phrase i="L_Hebrew" t="Hebreo"/>

<!-- #############  #Test Data #############-->
<phrase i="DemoDataResetPrompt" t="Do you want to copy \r demo data?"/>
<phrase i="DemoDataClearPrompt" t="Do you want to clear \r demo data?"/>

<!-- #############  #Web Page Message #############-->
<phrase i="S_Pg_Title" t="Cisco IP Phone"/>
<phrase i="S_Pg_FirmwareUpgrade" t="Firmware Upgrade"/>
<phrase i="S_Pg_Voice" t="Voice"/>
<phrase i="S_Pg_Com_CR" t="Copyright"/>
<phrase i="S_Pg_Com_Year" t="1992-2009"/>
<phrase i="S_Pg_Com_Cisco" t="Cisco Systems, Inc."/>
<phrase i="S_Pg_Com_AR" t="All Rights Reserved."/>
<phrase i="S_Pg_Com_Model" t="IP Phone SPA525G2"/>
<phrase i="S_Pg_WiFi_Confg" t="Wi-Fi Device"/>
<phrase i="S_Pg_WiFi_Enable" t="Wireless Enable"/>
<phrase i="S_Pg_WiFi_Status" t="Wireless Status"/>
<phrase i="S_Pg_WPS" t="Wi-Fi Protected Setup"/>
<phrase i="S_Pg_Table_Yes" t="Yes"/>
<phrase i="S_Pg_Table_No" t="No"/>
<phrase i="S_Pg_BT_Status" t="Bluetooth Status"/>
<phrase i="S_Pg_BT_History" t="Bluetooth Profiles"/>
<phrase i="S_Pg_Upgrade_File" t="Upgrade File Select"/>
<phrase i="S_Pg_Upgrade_Warning" t="Warning"/>
<phrase i="S_Pg_Upgrade_Warning_Msg1_1" t="Firmware Upgrade may take a few "/>
<phrase i="S_Pg_Upgrade_Warning_Msg2_1" t="minutes. Please do not turn off the "/>
<phrase i="S_Pg_Upgrade_Warning_Msg2_2" t="power or press the reset button."/>
<phrase i="S_Pg_Warning_Assign" t="Assign to :"/>
<phrase i="S_Pg_Warning_Choose" t="Choose :"/>
<phrase i="S_Pg_WiFi_Profile_Name" t="Wi-Fi Profile Name"/>
<phrase i="S_Pg_Table_Priority" t="Priority"/>
<phrase i="S_Pg_Table_Order" t="Order"/>
<phrase i="S_Pg_Table_Edit" t="Edit"/>
<phrase i="S_Pg_WPS_Desp" t="Choose one of the following methods:"/>
<phrase i="S_Pg_PBC" t="1. Push Button Configuration"/>
<phrase i="S_Pg_PBC_Desp1" t="Press the WPS button on your router."/>
<phrase i="S_Pg_PBC_Desp2" t="Then press the WPS button on the right."/>
<phrase i="S_Pg_Pin" t="2. PIN Configuration"/>
<phrase i="S_Pg_Pin_Desp1" t="If your device ask for the PIN, enter the number "/>
<phrase i="S_Pg_Pin_Desp2" t=" in your router, and press the [Connect] button on the right."/>
<phrase i="S_Pg_WiFi_Survey" t="Searching Available Sites"/>
<phrase i="S_Pg_WiFi_Wait" t="Please Wait"/>
<phrase i="S_Pg_WiFi_MAC" t="MAC Address"/>
<phrase i="S_Pg_WiFi_Channel" t="Channel"/>
<phrase i="S_Pg_WiFi_Signal" t="Signal Level"/>
<phrase i="S_Pg_WiFi_Mode" t="Mode"/>
<phrase i="S_Pg_BT_Download" t="Download the phone book to Personal Address Book"/>
<phrase i="S_Pg_BT_Dlok" t="Download successfully, "/>
<phrase i="S_Pg_BT_Dlfail" t="Download failure, back to Bluetooth page"/>
<phrase i="S_Pg_BT_PAB" t="Redirect to Personal Address Book"/>
<phrase i="S_Pg_BT_Entry_Add" t=" entries were added, "/>
<phrase i="S_Pg_BT_Entry_Discard" t=" entries were discarded"/>
<phrase i="S_Pg_BT_No_Entry" t="Not found any address book entry in the mobile phone"/>
<phrase i="S_Pg_BT_LCD_BUSY" t="Download address book action is now processing in LCD GUI side"/>
<phrase i="S_Pg_BT_Entry_Identical" t="All entries were identical with Personal Address Book, no data to be added"/>
<phrase i="S_Pg_BT_Override" t=" entries were override, "/>
<phrase i="S_Pg_BT_Bk_Cf_lst" t="Back to the Conflict List"/>
<phrase i="S_Pg_BT_replace" t=" Check the checkbox to override the conflict entry to the Personal Address Book."/>
<phrase i="S_Pg_BT_Class" t="Bluetooth Type"/>
<phrase i="S_Pg_BT_MAC" t="Bluetooth MAC"/>
<phrase i="S_Pg_BT_Device" t="Bluetooth Device Name"/>
<phrase i="S_Pg_Cont_BT_Dev_Scan" t="Scanning for Bluetooth devices...."/>
<phrase i="S_Pg_BT_Pin_Code_Note" t="Enter the PIN of the Bluetooth device."/>
<phrase i="S_Pg_SpdDial_No" t="NO."/>
<phrase i="S_Pg_WiFi_Note" t="Note:"/>
<phrase i="S_Pg_WiFi_Max_Profile" t="Allows 3 Wi-Fi Profiles"/>
<phrase i="S_Pg_Cont_Waiting" t="Wait..."/>
<phrase i="S_Pg_Cont_WiFi_Profile" t="Connecting Wireless Profile...."/>
<phrase i="S_Pg_Cont_SSID" t="Connecting SSID "/>
<phrase i="S_Pg_Cont_BT_Dev" t="Connecting Bluetooth Device "/>
<phrase i="S_Pg_CallHist_No" t="Phone Number"/>
<phrase i="S_Pg_CallHist_CID" t="Caller ID"/>
<phrase i="S_Pg_CallHist_STime" t="Start Time"/>
<phrase i="S_Pg_CallHist_ETime" t="End Time"/>
<phrase i="S_Pg_CallHist_Type" t="Call History Type"/>
<phrase i="S_Pg_WiFi_Add_New" t="Add New Wi-Fi Profile"/>
<phrase i="S_Pg_WiFi_SiteSurvey" t="Site Survey"/>
<phrase i="S_Pg_Btn_Remove" t="Remove"/>
<phrase i="S_Pg_Btn_Save" t="Submit All Changes"/>
<phrase i="S_Pg_Btn_Cancel" t="Cancel Settings"/>
<phrase i="S_Pg_WiFi_Rescan" t="Re-Scan"/>
<phrase i="S_Pg_Btn_Close" t="Close"/>
<phrase i="S_Pg_Upgrade_Window" t="Firmware Upgrade Window"/>
<phrase i="S_Pg_Upgrade_Submit" t="Submit"/>
<phrase i="S_Pg_BT_Search" t="Scan for Bluetooth Devices"/>
<phrase i="S_Pg_Warning_Comfirm" t="Confirm"/>
<phrase i="S_Pg_WiFi_Subject" t="Warning ! IP address may be changed after Wi-Fi reconnection"/>
<phrase i="S_Pg_WiFi_Msg1" t="Webpage may not be available after"/>
<phrase i="S_Pg_WiFi_Msg2" t="Wi-Fi reconnection. Press the [Close]"/>
<phrase i="S_Pg_WiFi_Msg3" t="button to close this webpage."/>
<phrase i="S_Pg_Upgrade_Warning_Msg3" t="Before upgrading the firmware, download the IP Phone firmware upgrade file"/>
<phrase i="S_Pg_Upgrade_Warning_Msg4" t="from the Cisco website."/>
<phrase i="S_Pg_Upgrade_Warning_Msg5" t="Extract the file and"/>
<phrase i="S_Pg_Upgrade_Warning_Msg6" t="press the firmware upgrade button."/>
<phrase i="S_Pg_Btn_Modify" t="Modify"/>
<phrase i="S_Pg_status_no_connection" t="No connection"/>
<phrase i="S_Pg_status_download_webpage" t="Address book is in progress from\r webpage"/>
<phrase i="S_Pg_status_connected" t="connected"/>
<phrase i="S_Pg_ErrMsg_01" t="Invalid ASCII code."/>
<phrase i="S_Pg_ErrMsg_02" t="Space Not Allowed."/>
<phrase i="S_Pg_ErrMsg_03" t="Illegal characters [must be 0 - 9 ]."/>
<phrase i="S_Pg_ErrMsg_04" t="Value out of range."/>
<phrase i="S_Pg_ErrMsg_05" t="Must input passphrase."/>
<phrase i="S_Pg_ErrMsg_06" t="Illegal hexadecimal digits."/>
<phrase i="S_Pg_ErrMsg_07h" t="WEP key must contain "/>
<phrase i="S_Pg_ErrMsg_07t" t=" chars."/>
<phrase i="S_Pg_ErrMsg_08" t="Valid key is between 8 and 63 ASCII characters."/>
<phrase i="S_Pg_ErrMsg_09" t="Port number must be between 0 and 65535."/>
<phrase i="S_Pg_ErrMsg_10" t="Password Not Valid."/>
<phrase i="S_Pg_ErrMsg_11" t="Static IP and gateway cannot be in different subnet."/>
<phrase i="S_Pg_ErrMsg_12" t="Select a file to upgrade."/>
<phrase i="S_Pg_ErrMsg_13" t="Incorrect image file."/>
<phrase i="S_Pg_ErrMsg_14" t="Must input PIN"/>
<phrase i="S_Pg_ErrMsg_15" t="Caution: You have reached the maximum number of profiles"/>
<phrase i="S_Pg_ErrMsg_16" t="You have reached the maximum number of profiles."/>
<phrase i="S_Pg_ErrMsg_17" t="You must remove a profile to"/>
<phrase i="S_Pg_ErrMsg_18" t="add a new profile into the preferred profile list."/>
<phrase i="S_Pg_ErrMsg_19" t="Press [Back] to go back."/>
<phrase i="S_Pg_ErrMsg_20" t="Caution: You have reached maximum number of accounts"/>
<phrase i="S_Pg_ErrMsg_21" t="You have reached maximum number of accounts."/>
<phrase i="S_Pg_ErrMsg_22" t="Remove some of the entries."/>
<phrase i="S_Pg_ErrMsg_23" t="Select an available Speed Dial field to"/>
<phrase i="S_Pg_ErrMsg_24" t="add the current Personal Directory entry."/>
<phrase i="S_Pg_ErrMsg_25" t="Push [Confirm] button to apply the"/>
<phrase i="S_Pg_ErrMsg_26" t="setting or [Back] button to go back."/>
<phrase i="S_Pg_ErrMsg_27" t=""/>
<phrase i="S_Pg_ErrMsg_28" t="Cautions"/>
<phrase i="S_Pg_ErrMsg_29" t="The characters for the 64-bits WEP"/>
<phrase i="S_Pg_ErrMsg_30" t="encryption, Each key must be"/>
<phrase i="S_Pg_ErrMsg_31" t="10 hexadecimal characters in length."/>
<phrase i="S_Pg_ErrMsg_32" t="press [Back] to go back"/>
<phrase i="S_Pg_ErrMsg_33" t="The characters for the 128-bit WEP"/>
<phrase i="S_Pg_ErrMsg_34" t="26 hexadecimal characters in length."/>
<phrase i="S_Pg_ErrMsg_35" t="Shared Key for WPA-PSK and"/>
<phrase i="S_Pg_ErrMsg_36" t="WPA2-PSK must contain 8 - 32 characters."/>
<phrase i="S_Pg_ErrMsg_37" t="Press [Back] to go back"/>
<phrase i="S_Pg_ErrMsg_38" t="User ID cannot be empty."/>
<phrase i="S_Pg_ErrMsg_39" t="Password cannot be empty."/>
<phrase i="S_Pg_ErrMsg_40" t="Extension Name of Certificate for"/>
<phrase i="S_Pg_ErrMsg_41" t="Root or Server must be .cer."/>
<phrase i="S_Pg_ErrMsg_42" t="Verify the extension name again."/>
<phrase i="S_Pg_ErrMsg_43" t="User Certificate must be .pfx."/>
<phrase i="S_Pg_ErrMsg_44" t="Invalid Certificate."/>
<phrase i="S_Pg_ErrMsg_45" t="Verify again."/>
<phrase i="S_Pg_ErrMsg_46" t="Phone number must be numeric."/>
<phrase i="S_Pg_ErrMsg_47" t="Enter Pin."/>
<phrase i="S_Pg_ErrMsg_48" t="Wireless profile name cannot be empty."/>
<phrase i="S_Pg_ErrMsg_49" t="SSID name cannot be empty."/>
<phrase i="S_Pg_ErrMsg_50" t="User ID cannot be empty."/>
<phrase i="S_Pg_ErrMsg_51" t="Password cannot be empty."/>
<phrase i="S_Pg_ErrMsg_52" t="Select the root cetificate file."/>
<phrase i="S_Pg_ErrMsg_53" t="Select the user cetificate file."/>
<phrase i="S_Pg_ErrMsg_54" t="Anonymous ID cannot be empty."/>
<phrase i="S_Pg_ErrMsg_55" t="Name cannot be empty."/>
<phrase i="S_Pg_ErrMsg_56" t="Invalid email format."/>
<phrase i="S_Pg_ErrMsg_57" t="You must select the item before removing."/>
<phrase i="S_Pg_ErrMsg_58" t="Camera profile name cannot be empty."/>
<phrase i="S_Pg_ErrMsg_59" t="Remote IP address cannot be empty."/>
<phrase i="S_Pg_ErrMsg_60" t="Remote port cannot be empty."/>
<phrase i="S_Pg_ErrMsg_61" t="RTP port cannot be empty."/>
<phrase i="S_Pg_ErrMsg_62" t="Name cannot be empty."/>
<phrase i="S_Pg_ErrMsg_63" t="Work phone cannot be empty."/>
<phrase i="S_Pg_ErrMsg_64" t="LDAP Server IP address cannot be empty."/>
<phrase i="S_Pg_ErrMsg_65" t="LDAP Server port cannot be empty."/>
<phrase i="S_Pg_ErrMsg_66" t="LDAP field name cannot be empty."/>
<phrase i="S_Pg_ErrMsg_67" t="LCD field name cannot be empty."/>
<phrase i="S_Pg_ErrMsg_68" t="Illegal phone number format."/>
<phrase i="S_Pg_ErrMsg_69" t="All WEP key fields cannot be empty."/>
<phrase i="S_Pg_ErrMsg_70" t="Selected default transmit \r WEP key cannot be empty"/>
<phrase i="S_Pg_ErrMsg_71" t="WPA shared key cannot be empty"/>
<phrase i="S_Pg_ErrMsg_72" t="Work phone cannot be empty before adding to speed dial."/>
<phrase i="S_Pg_ErrMsg_73" t="Invalid root certificate file."/>
<phrase i="S_Pg_ErrMsg_74" t="Invalid user certificate file."/>
<phrase i="S_Pg_ErrMsg_75" t="The SSID is the same as Profile"/>
<phrase i="S_Pg_ErrMsg_76" t=".\n Press [OK] button to replace profile "/>
<phrase i="S_Pg_ErrMsg_77" t=" with new profile,\n or press [Cancel] button."/>
<phrase i="S_Pg_ErrMsg_78" t="Do you want to remove this page of Personal Address Book entries?"/>
<phrase i="S_Pg_ErrMsg_79" t="Do you want to remove this page of Call History entries?"/>
<phrase i="S_Pg_ErrMsg_80" t="Do you want to remove this page of Received Calls?"/>
<phrase i="S_Pg_ErrMsg_81" t="Do you want to remove this page of Placed Calls?"/>
<phrase i="S_Pg_ErrMsg_82" t="Do you want to remove this page of Missed Calls?"/>
<phrase i="S_Pg_ErrMsg_83" t="Do you want to remove all Bluetooth History entries?"/>
<phrase i="S_Pg_ErrMsg_84" t="Do you want to remove all Wi-Fi Profile entries?"/>
<phrase i="S_Pg_ErrMsg_85" t="Do you want to remove selected Personal Address Book entries?"/>
<phrase i="S_Pg_ErrMsg_86" t="Do you want to remove selected Call History entries?"/>
<phrase i="S_Pg_ErrMsg_87" t="Do you want to remove selected Received Calls?"/>
<phrase i="S_Pg_ErrMsg_88" t="Do you want to remove selected Placed Calls?"/>
<phrase i="S_Pg_ErrMsg_89" t="Do you want to remove selected Missed Calls?"/>
<phrase i="S_Pg_ErrMsg_90" t="Do you want to remove selected Bluetooth History entries?"/>
<phrase i="S_Pg_ErrMsg_91" t="Do you want to remove selected Wi-Fi Profile entries?"/>
<phrase i="S_Pg_ErrMsg_92" t="Illegal characters [must be 0 - 9, a-z, A-Z ]. ?"/>
<phrase i="S_Pg_ErrMsg_93" t="Wi-Fi must be enabled to connect."/>
<phrase i="S_Pg_ErrMsg_94" t="Ethernet must be disconnected to use Wi-Fi."/>
<phrase i="S_Pg_ErrMsg_95" t="Do you want to enable the the Wi-Fi profile ?"/>
<phrase i="S_Pg_ErrMsg_96" t="Do you want to disable the Wi-Fi profile ?"/>
<phrase i="S_Pg_ErrMsg_97" t="Do you want download the phone book from Bluetooth device to Personal Address Book ?"/>
<phrase i="S_Pg_ErrMsg_98" t="Do you really override all conflict entries ?"/>
<phrase i="S_Pg_ErrMsg_99" t="Do you really override selected conflict entries ?"/>
<phrase i="S_Pg_ErrMsg_100" t="You must select the item before override."/>
<phrase i="S_Pg_ErrMsg_101" t="It only allow maximum 3 BT connect histories."/>
<phrase i="S_Pg_ErrMsg_102" t="LCD GUI is implementing Bluetooth searching feature."/>
<phrase i="S_Pg_ErrMsg_103" t="Select an available Speed Dial field to add the current Personal Directory entry. Push [Confirm] button to apply the setting or [Back] button to go back."/>

<phrase i="S_Pg_C_L_WiFi" t="Wi-Fi"/>
<phrase i="S_Pg_C_L_Bluetooth" t="Bluetooth"/>
<phrase i="S_Pg_C_L_AB" t="Personal Address Book"/>
<phrase i="S_Pg_C_L_CallHistory" t="Call History"/>
<phrase i="S_Pg_C_L_SpeedDial" t="Speed Dials"/>
<phrase i="S_Pg_C_Btn_Update" t="Update"/>
<phrase i="S_Pg_C_WiFi_Profile" t="Wi-Fi Profile"/>
<phrase i="S_Pg_C_L_On" t="On"/>
<phrase i="S_Pg_C_L_Off" t="Off"/>
<phrase i="S_Pg_C_BT_Confg" t="Bluetooth Device"/>
<phrase i="S_Pg_C_BT_Dev_List" t="Bluetooth Device List"/>
<phrase i="S_Pg_C_L_Ssid" t="SSID"/>
<phrase i="S_Pg_C_L_SecurityMode" t="Security Mode"/>
<phrase i="S_Pg_C_L_CipherType" t="Cipher Type"/>
<phrase i="S_Pg_C_L_KeyId" t="Default Transmit Key"/>
<phrase i="S_Pg_C_L_KeyLen" t="Key Length"/>
<phrase i="S_Pg_C_L_Key1" t="Key 1"/>
<phrase i="S_Pg_C_L_Key2" t="Key 2"/>
<phrase i="S_Pg_C_L_Key3" t="Key 3"/>
<phrase i="S_Pg_C_L_Key4" t="Key 4"/>
<phrase i="S_Pg_C_OL_64HEX" t="10 hex digits"/>
<phrase i="S_Pg_C_OL_128HEX" t="26 hex digits"/>
<phrase i="S_Pg_C_OL_64ASCII" t="5 ascii characters"/>
<phrase i="S_Pg_C_OL_128ASCII" t="13 ascii characters"/>
<phrase i="S_Pg_C_OL_TKIP" t="TKIP"/>
<phrase i="S_Pg_C_OL_AES" t="AES CCMP"/>
<phrase i="S_Pg_C_L_PskKey" t="WPA Shared Key"/>
<phrase i="S_Pg_C_L_RootCa" t="Root Certificate"/>
<phrase i="S_Pg_C_L_UserCa" t="User Certificate"/>
<phrase i="S_Pg_C_L_UserCaPrivateKeyPwd" t="Password of Private Key"/>
<phrase i="S_Pg_C_L_TtlsInnerProto" t="TTLS Inner Protocol"/>
<phrase i="S_Pg_C_L_PeapInnerProto" t="PEAP Inner Protocol"/>
<phrase i="S_Pg_C_OL_MD5" t="MD5"/>
<phrase i="S_Pg_C_OL_MSCHV2" t="MSCHAPv2"/>
<phrase i="S_Pg_C_OL_MSCHAP" t="MSCHAP"/>
<phrase i="S_Pg_C_OL_PAP" t="PAP"/>
<phrase i="S_Pg_C_OL_CHAP" t="CHAP"/>
<phrase i="S_Pg_C_L_UserId" t="User ID"/>
<phrase i="S_Pg_C_L_Password" t="Password"/>
<phrase i="S_Pg_C_L_ProfileName" t="Profile Name"/>
<phrase i="S_Pg_C_S_Add" t="Add"/>
<phrase i="S_Pg_C_L_BTConnectAuto" t="Connect Automatically"/>
<phrase i="S_Pg_C_L_BTPINCODE" t="Pin"/>
<phrase i="S_Pg_C_L_Name" t="Name"/>
<phrase i="S_Pg_C_L_PhoneNo" t="Phone No"/>
<phrase i="S_Pg_C_L_WorkPhone" t="Work No"/>
<phrase i="S_Pg_C_L_MobilePhone" t="Mobile No"/>
<phrase i="S_Pg_C_L_HomePhone" t="Home No"/>
<phrase i="S_Pg_C_L_RingTone" t="Ring Tone"/>
<phrase i="S_Pg_C_L_Duration" t="Duration"/>
<phrase i="S_Pg_C_S_Back" t="Back"/>
<phrase i="S_Pg_C_T_AB_Add_Entry" t="Add Personal Address Entry"/>
<phrase i="S_Pg_C_S_Previous" t="Prev"/>
<phrase i="S_Pg_C_S_Next" t="Next"/>
<phrase i="S_Pg_C_S_Connect" t="Connect"/>
<phrase i="S_Pg_C_L_Disable" t="Disable"/>
<phrase i="S_Pg_C_L_Wep" t="WEP"/>
<phrase i="S_Pg_C_L_WpaPsk" t="WPA PSK"/>
<phrase i="S_Pg_C_L_Wpa2Psk" t="WPA2 PSK"/>
<phrase i="S_Pg_C_L_WpaEnt" t="WPA Enterprise"/>
<phrase i="S_Pg_C_L_Wpa2Ent" t="WPA2 Enterprise"/>
<phrase i="S_Pg_C_L_Radius" t="RADIUS"/>
<phrase i="S_Pg_C_L_EapType" t="EAP Type"/>
<phrase i="S_Pg_C_L_Tls" t="TLS"/>
<phrase i="S_Pg_C_L_Ttls" t="TTLS"/>
<phrase i="S_Pg_C_L_Leap" t="LEAP"/>
<phrase i="S_Pg_C_L_Peap" t="PEAP"/>
<phrase i="S_Pg_C_L_AnonyId" t="Anonymous ID"/>
<phrase i="S_Pg_C_L_CheckSvrCa" t="Check Server Certificate"/>
<phrase i="S_Pg_C_Answered" t="Received Calls"/>
<phrase i="S_Pg_C_Outgoing" t="Placed Calls"/>
<phrase i="S_Pg_C_Missed" t="Missed Calls"/>
<phrase i="S_Pg_C_All" t="All Calls"/>
<phrase i="S_Pg_BT_Dev_List" t="Bluetooth Device List"/>
<phrase i="S_Pg_BT_Search" t="Scan for Bluetooth Devices"/>
<phrase i="S_Pg_C_L_WifiConn" t="Enable Wi-Fi Connection"/>
<phrase i="S_Pg_C_L_Enable" t="Enable"/>
<phrase i="S_Pg_C_L_Disable" t="Disable"/>
<phrase i="S_Pg_C_L_Lock" t="Lock"/>
<phrase i="S_Pg_C_L_Import" t="Import Address Book from Mobile Phone"/>
<phrase i="S_Pg_C_L_Override" t="Override"/>

<!-- #############  #Video #############-->
<phrase i="L_Camera_No" t="Núm. cámara"/>
<phrase i="L_Camera_Name" t="Nombre cámara"/>
<phrase i="L_Camera_Ip" t="Dirección IP"/>
<phrase i="L_Camara_UserName" t="Nombre de usuario"/>
<phrase i="L_Camera_Password" t="Contraseña"/>
<phrase i="L_Camera_Port" t="Núm. puerto"/>
<phrase i="L_Camera_Resolution" t="Resolución"/>
<phrase i="L_Camera_Quality" t="Calidad de video"/>
<phrase i="L_Camera_FrameRate" t="Veloc d fotogramas"/>
<phrase i="L_Camera_Status" t="Estado"/>
<phrase i="T_Camera_Entry" t="Información de cámara"/>
<phrase i="T_Camera_List" t="Seleccione una cámara a supervisar"/>
<phrase i="CamInvalidParam" t="Cámara [%s] \r Uno o más parámetros no son válidos."/>
<phrase i="CamMissingURL" t="Cámara [%s]\r Falta la URL de acceso."/>
<phrase i="CamMissingUserName" t="Cámara [%s]\r Falta el nombre de usuario."/>
<phrase i="CamMissingPassword" t="Cámara [%s]\r Falta la contraseña."/>
<phrase i="CamInvalidURL" t="Cámara [%s]\r La URL de acceso no es válida."/>
<phrase i="CamInvalidProtocol" t="Cámara [%s]\r El protocolo no es RTSP."/>
<phrase i="CamNoVideo" t="No hay video."/>
<phrase i="CamConnecting" t="Conectando..."/>
<phrase i="CamConnectError" t="No hay video. Error de conexión."/>
<phrase i="CamAccessError" t="No hay video. Acceso denegado."/>
<phrase i="CamResolveError" t="No hay video. Error al resolver dir."/>
<phrase i="CamResolutionError" t="No hay video. Resol. es demasiado alta."/>
<phrase i="CamBusy" t="La cámara está ocupada.\r Espera y vuelva a intentar."/>
<phrase i="CamActivateDoorOK" t="Puerta abierta correctamente\r para [%s]."/>
<phrase i="CamActivateDoorFailed" t="Error al abrir puerta \r para [%s]."/>
<phrase i="CamFeatureNotAvailable" t="La función no está disponible\r cuando se activa Bluetooth"/>
<phrase i="P_CamAccess" t="Accediendo al video"/>

<phrase i="OL_160_120" t="160 * 120"/>
<phrase i="OL_320_240" t="320 * 240"/>
<phrase i="OL_640_480" t="640 * 480"/>
<phrase i="OL_Very_Low" t="Muy baja"/>
<phrase i="OL_Low" t="Baja"/>
<phrase i="OL_Normal" t="Normal"/>
<phrase i="OL_High" t="Alta"/>
<phrase i="OL_Very_High" t="Muy alta"/>
<phrase i="OL_10fps" t="10 fps"/>
<phrase i="OL_15fps" t="15 fps"/>
<phrase i="OL_20fps" t="20 fps"/>

<!-- #############  #SMS #############-->
<phrase i="T_SMS_Title" t="Mensajes de correo SMS"/>
<phrase i="L_SMS_Create_Msg" t="Crear mensaje SMS"/>
<phrase i="L_SMS_Inbox" t="Bandeja de entrada SMS"/>
<phrase i="L_SMS_Outbox" t="Bandeja de salida SMS"/>
<phrase i="L_SMS_Saved" t="SMS guardados"/>
<phrase i="SMSInbox_Title" t="Mensajes SMS recibidos"/>
<phrase i="SMSOutBoxType_Title" t="Mensajes SMS enviados"/>
<phrase i="SMSSavedType_Title" t="Mensajes SMS guardados"/>
<phrase i="SMSEditTitle_Title" t="Mensaje SMS guardado"/>
<phrase i="SMSMessage_Title" t="Mensaje SMS"/>
<phrase i="SMSRecipient_Title" t="Destinatario"/>
<phrase i="S_Reply" t="Responder"/>
<phrase i="S_Send" t="Enviar"/>
<phrase i="S_EditTitle" t="Título"/>
<phrase i="CreateSMS" t="Crear un mensaje SMS"/>
<phrase i="EditSMS" t="Editar un mensaje SMS"/>
<phrase i="SMS_RecNULLPrompt" t="No se encontro la Lista de envío"/>
<phrase i="SMS_SendOverMaxPFNum" t="Demasiados elementos seleccionados en Lista de envío"/>
<phrase i="SMS_TitileLenNull" t="Título no válido"/>

<!-- #############  #EXTENSION MOBILITY #############-->
<phrase i="L_ExtMob" t="Extensión móvil"/>
<phrase i="L_ExtMob_LoginForm" t="Formulario inicio de sesión de Ext. móvil"/>
<phrase i="L_EM_LOGIN_TRY" t="Intentando iniciar sesión.  Espere, por favor..."/>
<phrase i="L_EM_LOGIN_OK" t="Inicio de sesión correcto. Puede reiniciar..."/>
<phrase i="L_EM_LOGIN_FAILED" t="Error al iniciar sesión. Verificar su ID de usuario, contraseña y reglas de perfil."/>
<phrase i="L_EM_LOGOUT_TRY" t="Intentando cerrar sesión. Espere, por favor..."/>
<phrase i="L_EM_LOGOUT_OK" t="Cierre de sesión correcto. Puede reiniciar..."/>
<phrase i="L_EM_LOGOUT_FAILED" t="Error al cerrar sesión, el sistema está reiniciando..."/>
<phrase i="L_EM_LOGIN_WARNING" t="Introduzca su Id. y contraseña."/>

<!-- #############  #DIAG #############-->
<phrase i="Message_RecoveryReset" t="¿Desea realiar \r restablecimiento de recuperación?"/>
<phrase i="L_RecoveryReset" t="Restablecimiento de recuperación"/>
<phrase i="L_FirmwareUpgrade" t="Actualización de firmware"/>
<phrase i="T_ST_Diag" t="Recuperación de diagnóstico"/>
<phrase i="UsbImageFileNotPresent" t="/image/spa525g.bin no se \r encuentra. Por favor copie \r la imagen de firmware a \r /image/spa525g.bin."/>
<phrase i="L_Picture" t="Imagen"/>

<!-- #############  #VPN #############-->
<phrase i="VPNConnecting" t="VPN Conectando..."/>
<phrase i="VPNDisconnecting" t="Desconectando de VPN..."/>
<phrase i="VPNConnectSuccess" t="Sesión de VPN establecida."/>
<phrase i="VPNDisconnectSuccess" t="Sesión de VPN finalizada."/>
<phrase i="VPNConnectFailed" t="Conexión a VPN falló."/>
<phrase i="L_VPNStatus" t="Estado de VPN"/>
<phrase i="L_VPNConnected" t="Conectado a VPN"/>
<phrase i="L_BytesSend" t="Bytes enviados"/>
<phrase i="L_BytesRecv" t="Bytes Recibidos"/>
<phrase i="V_AuthFail" t="Autenticación Falló"/>
<phrase i="V_HTTPSFail" t="Error al abrir conexión \rHTTPS al servidor."/>
<phrase i="V_NegFail" t="Error de respuesta HTTPS"/>
<phrase i="V_URLFail" t="Error de parseo servidor URL."/>
<phrase i="V_HTTPSOnly" t="Solo permite HTTPS a serv. URL"/>
<phrase i="V_CookieFail" t="Error al obtener cookie WebVPN"/>
<phrase i="V_CSTPFail" t="Error creando conexión CSTP"/>
<phrase i="V_TUNFail" t="Error de config disp tun"/>
<phrase i="V_AuthGroup_Invalid" t="La configuración de Auth Group (Grupo de autorización) no es válida."/>

<!-- #############  #IMAGE #############-->
<phrase i="ImageUsbFolderNotPresent" t="El folder '%s' no existe. \rRevise que tenga archivos \r jpg en folder '%s' del \r disco USB."/>
<phrase i="ImageUsbFileNotPresent" t="No hay JPG en el folder '%s'. \rRevise que tenga archivos \r jpg en folder '%s' del \r disco USB."/>
<phrase i="T_ImageSelect" t="Seleccionar una imagen"/>
<phrase i="ImageMsgOverMaxImageNum" t="Ha elegido más de \r %d imagenes"/>

<!-- #############  #Weather #############-->
<phrase i="WS_Today" t="       Hoy"/> 
<phrase i="WS_Night" t="       Noche"/>
<phrase i="WS_Tomorrow" t="   Mañana"/>
<phrase i="WS_Sunday" t="     Domingo"/>
<phrase i="WS_Monday" t="     Lunes"/>
<phrase i="WS_Tuesday" t="     Martes"/>
<phrase i="WS_Wednesday" t=" Miércoles"/>
<phrase i="WS_Thursday" t="     Jueves"/>
<phrase i="WS_Friday" t="       Viernes"/>
<phrase i="WS_Saturday" t="   Sábado"/>
<phrase i="WS_Jan" t="Ene"/>
<phrase i="WS_Feb" t="Feb"/>
<phrase i="WS_Mar" t="Mar"/>
<phrase i="WS_Apr" t="Abr"/>
<phrase i="WS_May" t="Mayo"/>
<phrase i="WS_Jun" t="Jun"/>
<phrase i="WS_Jul" t="Jul"/>
<phrase i="WS_Aug" t="Ago"/>
<phrase i="WS_Sep" t="Sep"/>
<phrase i="WS_Oct" t="Oct"/>
<phrase i="WS_Nov" t="Nov"/>
<phrase i="WS_Dec" t="Dic"/>
<phrase i="WS_Mostly Cloudy" t="Principalmente nublado"/>
<phrase i="WS_Partly Cloudy" t="Parcialmente nublado"/>
<phrase i="WS_Cloudy" t="Nublado"/>
<phrase i="WS_Clouds" t="Nublados"/>
<phrase i="WS_Cloudy and Wind" t="Nublado y viento"/>
<phrase i="WS_Cloudy / Wind" t="Nublado / Viento"/>
<phrase i="WS_Mostly Sunny" t="Principalmente soleado"/>
<phrase i="WS_Mostly Clear" t="Principalmente despejado"/>
<phrase i="WS_Fair" t="Agradable"/>
<phrase i="WS_Sun" t="Sol"/>
<phrase i="WS_Sunny" t="Soleado"/>
<phrase i="WS_Clear" t="Limpiar"/>
<phrase i="WS_Clearing" t="Despejado"/>
<phrase i="WS_Hot" t="Cálido"/>
<phrase i="WS_Rain and Snow" t="Lluvia y nieve"/>
<phrase i="WS_Rain / Snow" t="Lluvia / Nieve"/>
<phrase i="WS_Rain" t="Lluvia"/>
<phrase i="WS_Drizzle" t="Llovizna"/>
<phrase i="WS_Showers" t="Tormenta"/>
<phrase i="WS_T-showers" t="Lluvias eléctrica"/>
<phrase i="WS_Scattered Showers" t="Lluvias dispersas"/>
<phrase i="WS_Scattered T-storms" t="Tormentas eléctricas dispersas"/>
<phrase i="WS_Isolated T-storms" t="Tormentas Eléctricas Aisladas"/>
<phrase i="WS_Severe T-storms" t="Tormentas Eléctricas Severas"/>
<phrase i="WS_T-storms" t="Tormentas eléctricas"/>
<phrase i="WS_Thunder" t="Truenos"/>
<phrase i="WS_Tornado" t="Tornado"/>
<phrase i="WS_Tropical Storm" t="Tormenta tropical"/>
<phrase i="WS_Storm" t="Tormenta"/>
<phrase i="WS_Hurricane" t="Huracán"/>
<phrase i="WS_Typhoon" t="Tifón"/>
<phrase i="WS_Snow Shower and Windy" t="Nieve y viento"/>
<phrase i="WS_Snow Shower" t="Nevada"/>
<phrase i="WS_Snow Flurries" t="Lloviznas de nieve"/>
<phrase i="WS_Scattered Snow Showers" t="Nevadas dispersas"/>
<phrase i="WS_Blowing Snow" t="Viento con nieve"/>
<phrase i="WS_Flurries" t="Lloviznas de nieve"/>
<phrase i="WS_Scattered Flurries" t="Lloviznas de nieve dispersas"/>
<phrase i="WS_Snow" t="Nieve"/>
<phrase i="WS_Wintry Mix" t="Aguanieve"/>
<phrase i="WS_Cold" t="Frío"/>
<phrase i="WS_Windy" t="Ventoso"/>
<phrase i="WS_Wind" t="Viento"/>
<phrase i="WS_Blustery" t="Vientos fuertes"/>
<phrase i="WS_Foggy" t="Con neblina"/>
<phrase i="WS_Fog" t="Neblina"/>
<phrase i="WS_Mist" t="Neblina ligera"/>
<phrase i="WS_Haze" t="Neblina"/>
<phrase i="WS_Smoky" t="Humo"/>
<phrase i="WS_Widespread Dust" t="Polvo disperso"/>
<phrase i="WS_Dust" t="Polvo"/>
<phrase i="WS_Hail" t="Granizo"/>
<phrase i="WS_Sleet" t="Hielo"/>
<phrase i="WS_Freezing Drizzle" t="Llovizna helada"/>
<phrase i="WS_Freezing Rain" t="Lluvia helada"/>
<phrase i="WS_Ice" t="Hielo"/>
<phrase i="WS_Scattered" t="Disperso"/>
<phrase i="WS_N/A" t="N/D"/>
<phrase i="WS_Sprinkles" t="Llovizna"/>

<!-- #############  #cisco XML #############-->
<phrase i="L_Request" t="Solicitando..."/>
<phrase i="T_EmptyHTTPBody" t="Cuerpo Http vacío."/>
<phrase i="T_404NotFound" t="No se encontró el error 404."/>
<phrase i="T_AudioDataError" t="Error de datos de audio."/>
<phrase i="T_DNSError" t="Error DNS"/>
<phrase i="T_NoServer" t="No se puede conectar al servidor."/>
<phrase i="T_NoResponse" t="No hay respuesta del servidor Inténtelo nuevamente."/>
<phrase i="T_DataError" t="Error de datos."/>
<phrase i="T_UnknownError" t="Error desconocido"/>
<phrase i="T_RTPFail" t="Teléfono procesando  llamada. \r Intente por favor más tarde"/>

<!-- #############  #SPRVOIP MISC #############-->
<phrase i="PL_Result" t="Resultado"/>
<phrase i="PRV_Msg_Resync" t="Resinc a"/>
<phrase i="PRV_Msg_ReqFailed" t="Solicitud de sincronización falló!\r Teléfono procesando solicitud de \r sincronización. Por favor intente \r de nuevo."/>
<phrase i="PRV_Invalid_URL" t="Regla de perfil de resinc no es válida."/>
<phrase i="L_DefSpeedDial" t="Definir Marcado rápido"/>
<phrase i="L_SDLK_ERROR" t="Error: entrada vacía o no válida"/>
<phrase i="SDLK_DeletePrompt" t="¿Desea eliminar el\r Marcado rápido de la tecla en la línea [%d]?"/>
<phrase i="PRV_Msg_Resync_Inprogress" t="Re-sinc en proceso…"/>
<phrase i="PRV_Msg_Resync_OK" t="Re-sinc exitoso"/>
<phrase i="PRV_Msg_Resync_OK_REBOOT" t="Teléfono reiniciará. Espere…"/>
<!-- #############  #REBOOT REASON - must match reboot.c #############-->
<phrase i="L_RReason0" t="Ninguno"/>
<phrase i="L_RReason1" t="DHCP falló"/>
<phrase i="L_RReason2" t="Actualizar"/>
<phrase i="L_RReason3" t="Suministro"/>
<phrase i="L_RReason4" t="Actualizar"/>
<phrase i="L_RReason5" t="Usuario activado"/>
<phrase i="L_RReason6" t="Actualizar"/>
<phrase i="L_RReason7" t="SIP activado"/>
<phrase i="L_RReason8" t="Actualizar"/>
<phrase i="L_RReason9" t="Error del sistema"/>
<phrase i="L_RReason10" t="Enlace inactivo"/>
<phrase i="L_RReason11" t="Sistema 1"/>
<phrase i="L_RReason12" t="Sistema 2"/>
<phrase i="L_RReason13" t="IP duplicada"/>
<phrase i="L_RReason14" t="IP de respaldo"/>
<phrase i="L_RReason15" t="Sistema 3"/>
<phrase i="L_RReason16" t="Sistema 4"/>
<phrase i="L_RReason17" t="Sistema 5"/>
<phrase i="L_RReason18" t="Sistema 6"/>
<phrase i="L_RReason19" t="Sistema 7"/>
<phrase i="L_RReason20" t="SIP activado"/>
<phrase i="L_RReason21" t="Descarga de dict."/>
<phrase i="L_RReason22" t="VLAN cambió"/>
<phrase i="L_RReason23" t="RC"/>
<phrase i="L_RReason24" t="Restablecim. de fábrica"/>
<phrase i="L_RReason25" t="Req. de software"/>
<phrase i="L_RReason26" t="IP cambió"/>

</phrases>
